[
    {
        "pk": 6, 
        "model": "contenttypes.contenttype", 
        "fields": {
            "model": "contenttype", 
            "name": "content type", 
            "app_label": "contenttypes"
        }
    }, 
    {
        "pk": 20, 
        "model": "contenttypes.contenttype", 
        "fields": {
            "model": "data", 
            "name": "data", 
            "app_label": "studies"
        }
    }, 
    {
        "pk": 16, 
        "model": "contenttypes.contenttype", 
        "fields": {
            "model": "game", 
            "name": "game", 
            "app_label": "boggle"
        }
    }, 
    {
        "pk": 3, 
        "model": "contenttypes.contenttype", 
        "fields": {
            "model": "group", 
            "name": "group", 
            "app_label": "auth"
        }
    }, 
    {
        "pk": 10, 
        "model": "contenttypes.contenttype", 
        "fields": {
            "model": "group", 
            "name": "group", 
            "app_label": "studies"
        }
    }, 
    {
        "pk": 1, 
        "model": "contenttypes.contenttype", 
        "fields": {
            "model": "logentry", 
            "name": "log entry", 
            "app_label": "admin"
        }
    }, 
    {
        "pk": 5, 
        "model": "contenttypes.contenttype", 
        "fields": {
            "model": "message", 
            "name": "message", 
            "app_label": "auth"
        }
    }, 
    {
        "pk": 2, 
        "model": "contenttypes.contenttype", 
        "fields": {
            "model": "permission", 
            "name": "permission", 
            "app_label": "auth"
        }
    }, 
    {
        "pk": 18, 
        "model": "contenttypes.contenttype", 
        "fields": {
            "model": "player", 
            "name": "player", 
            "app_label": "boggle"
        }
    }, 
    {
        "pk": 17, 
        "model": "contenttypes.contenttype", 
        "fields": {
            "model": "round", 
            "name": "round", 
            "app_label": "boggle"
        }
    }, 
    {
        "pk": 7, 
        "model": "contenttypes.contenttype", 
        "fields": {
            "model": "session", 
            "name": "session", 
            "app_label": "sessions"
        }
    }, 
    {
        "pk": 8, 
        "model": "contenttypes.contenttype", 
        "fields": {
            "model": "site", 
            "name": "site", 
            "app_label": "sites"
        }
    }, 
    {
        "pk": 13, 
        "model": "contenttypes.contenttype", 
        "fields": {
            "model": "stage", 
            "name": "stage", 
            "app_label": "studies"
        }
    }, 
    {
        "pk": 14, 
        "model": "contenttypes.contenttype", 
        "fields": {
            "model": "stagegroup", 
            "name": "stage group", 
            "app_label": "studies"
        }
    }, 
    {
        "pk": 9, 
        "model": "contenttypes.contenttype", 
        "fields": {
            "model": "study", 
            "name": "study", 
            "app_label": "studies"
        }
    }, 
    {
        "pk": 11, 
        "model": "contenttypes.contenttype", 
        "fields": {
            "model": "studyinvestigator", 
            "name": "study investigator", 
            "app_label": "studies"
        }
    }, 
    {
        "pk": 12, 
        "model": "contenttypes.contenttype", 
        "fields": {
            "model": "studyparticipant", 
            "name": "study participant", 
            "app_label": "studies"
        }
    }, 
    {
        "pk": 4, 
        "model": "contenttypes.contenttype", 
        "fields": {
            "model": "user", 
            "name": "user", 
            "app_label": "auth"
        }
    }, 
    {
        "pk": 15, 
        "model": "contenttypes.contenttype", 
        "fields": {
            "model": "userstage", 
            "name": "user stage", 
            "app_label": "studies"
        }
    }, 
    {
        "pk": 19, 
        "model": "contenttypes.contenttype", 
        "fields": {
            "model": "wordlist", 
            "name": "word list", 
            "app_label": "boggle"
        }
    }, 
    {
        "pk": "1328af7df184391d7e6559e040688e1c", 
        "model": "sessions.session", 
        "fields": {
            "expire_date": "2010-08-02 10:26:30", 
            "session_data": "gAJ9cQEoVQ5sb2NrZG93bi1hbGxvd3ECiFUNX2F1dGhfdXNlcl9pZHEDSwFVEl9hdXRoX3VzZXJf\nYmFja2VuZHEEVSlkamFuZ28uY29udHJpYi5hdXRoLmJhY2tlbmRzLk1vZGVsQmFja2VuZHEFdS5m\nYzdjNGNkZThmMGNmZGNjYjBlZjI0ZTI3NmIyZDIwZA==\n"
        }
    }, 
    {
        "pk": "aa5dc5d184e8bb87c83ce750fdf38398", 
        "model": "sessions.session", 
        "fields": {
            "expire_date": "2010-08-17 11:18:20", 
            "session_data": "gAJ9cQEoVRJfYXV0aF91c2VyX2JhY2tlbmRxAlUpZGphbmdvLmNvbnRyaWIuYXV0aC5iYWNrZW5k\ncy5Nb2RlbEJhY2tlbmRxA1UNX2F1dGhfdXNlcl9pZHEESwF1LjM2ZTNiZDliNDU0ZjU0OWI0ZGMy\nNDFmYWJjNWUwZDQ5\n"
        }
    }, 
    {
        "pk": "0ce407c73c219a858801390184c5440d", 
        "model": "sessions.session", 
        "fields": {
            "expire_date": "2010-08-17 13:36:40", 
            "session_data": "gAJ9cQEoVRJfYXV0aF91c2VyX2JhY2tlbmRxAlUpZGphbmdvLmNvbnRyaWIuYXV0aC5iYWNrZW5k\ncy5Nb2RlbEJhY2tlbmRxA1UNX2F1dGhfdXNlcl9pZHEESwF1LjM2ZTNiZDliNDU0ZjU0OWI0ZGMy\nNDFmYWJjNWUwZDQ5\n"
        }
    }, 
    {
        "pk": 1, 
        "model": "sites.site", 
        "fields": {
            "domain": "example.com", 
            "name": "example.com"
        }
    }, 
    {
        "pk": 1, 
        "model": "studies.study", 
        "fields": {
            "reward": "<p>3$ will be donated to the charity of your choice for every intervention session you complete</p>", 
            "name": "Board Games and Mental Fitness", 
            "end_date": null, 
            "started": false, 
            "consent": "<p>By indicating your consent below, you acknowledge the conditions of this study.</p>\r\n<p><strong>This study is voluntary. You may withdraw at any time without penalty.</strong></p>\r\n<p>I, the undersigned, being aware of all the risks, consent to participating in the study.</p>", 
            "eligibility": "<p>To be eligible for this study, you must:</p>\r\n<ul>\r\n<li>be 18+ years old</li>\r\n<li>have English as your first language</li>\r\n<li>not suffer from any cognitive illness or deficiency</li>\r\n</ul>", 
            "instructions": "<p>The study will take place over three stages:</p>\r\n<ul>\r\n<li>Informed consent (1 session) - to be able to participate, you must indicate that you have read and understood our terms.</li>\r\n<li>Intervention (5 sessions) - half of the participants will play board games (such as Boggle) while the other half will engage in mental fitness training over five sessions of approximately half an hour</li>\r\n<li>Debriefing (1 session) - quick recap of the study and indication of anticipated outcomes</li>\r\n</ul>", 
            "start_date": "2010-08-04", 
            "description": "<p>With the increasing prevalence of mental fitness training regimens, it becomes necessary to evaluate their benefits as compared to more traditional interventions. In this study, we compare the effects of mental fitness tasks to playing standard board games.</p>"
        }
    }, 
    {
        "pk": 1, 
        "model": "studies.group", 
        "fields": {
            "study": 1, 
            "name": "Board Games"
        }
    }, 
    {
        "pk": 2, 
        "model": "studies.group", 
        "fields": {
            "study": 1, 
            "name": "Mental Fitness"
        }
    }, 
    {
        "pk": 1, 
        "model": "studies.studyinvestigator", 
        "fields": {
            "study": 1, 
            "investigator": 1
        }
    }, 
    {
        "pk": 2, 
        "model": "studies.studyinvestigator", 
        "fields": {
            "study": 1, 
            "investigator": 3
        }
    }, 
    {
        "pk": 1, 
        "model": "studies.studyparticipant", 
        "fields": {
            "study": 1, 
            "group": 1, 
            "user": 4
        }
    }, 
    {
        "pk": 2, 
        "model": "studies.studyparticipant", 
        "fields": {
            "study": 1, 
            "group": 1, 
            "user": 5
        }
    }, 
    {
        "pk": 3, 
        "model": "studies.studyparticipant", 
        "fields": {
            "study": 1, 
            "group": 1, 
            "user": 1
        }
    }, 
    {
        "pk": 1, 
        "model": "studies.stage", 
        "fields": {
            "description": "<p>This is the first stage of the study. It simply requires that you read about the risks associated with the study and agree to participate.</p>", 
            "sessions": 1, 
            "url": "/study/ic", 
            "study": 1, 
            "deadline": 10, 
            "instructions": "<p>To complete this stage, click on the Act button. You will be redirected to a page that explains the purpose of the study and outlines everything you need to know as the participant. You have 10 days to complete this stage. If you consent to participating, you will be able to start the study. If you do not, please e-mail an investigator and we will remove you from the study without penalty.</p>", 
            "name": "Informed Consent"
        }
    }, 
    {
        "pk": 2, 
        "model": "studies.stage", 
        "fields": {
            "description": "<p>After the study is complete, we will ask you about your experiences. This will be done outside the portal, using Skype as a video-conferencing platform. Please e-mail an investigator to set up a time to meet. You will be manually cleared past this stage by one of us.</p>", 
            "sessions": 1, 
            "url": "http://youtube.com", 
            "study": 1, 
            "deadline": 10, 
            "instructions": "<p>Instead of clicking on Act, please e-mail an investigator to set up a time to complete the study.</p>", 
            "name": "Debriefing"
        }
    }, 
    {
        "pk": 3, 
        "model": "studies.stage", 
        "fields": {
            "description": "<p>In this stage, you will engage in mental fitness training in rounds of approximately 30 minutes. When you are finished, you will be returned to this page.</p>", 
            "sessions": 5, 
            "url": "http://youtube.com", 
            "study": 1, 
            "deadline": 5, 
            "instructions": "<p>Click on Act, enjoy.</p>", 
            "name": "Mental Fitness Training"
        }
    }, 
    {
        "pk": 4, 
        "model": "studies.stage", 
        "fields": {
            "description": "<p>In this stage, you will play two 3-minute rounds of Boggle. Your scores will be recorded.</p>", 
            "sessions": 5, 
            "url": "/study/boggle/new-game/?play_for=2&return_to=/study/fbog", 
            "study": 1, 
            "deadline": 3, 
            "instructions": "<p><span class=\"stdtxt\">In this fast-paced word-search game you have <strong>3 minutes</strong> to find as many words (3 letters or more) as you can in a grid of 16  letters. Letters must be adjacent (horizontally, vertically or diagonally) and longer words score better.</span></p>", 
            "name": "Playing Board Games"
        }
    }, 
    {
        "pk": 1, 
        "model": "studies.stagegroup", 
        "fields": {
            "group": 1, 
            "order": 1, 
            "stage": 1
        }
    }, 
    {
        "pk": 2, 
        "model": "studies.stagegroup", 
        "fields": {
            "group": 2, 
            "order": 2, 
            "stage": 3
        }
    }, 
    {
        "pk": 3, 
        "model": "studies.stagegroup", 
        "fields": {
            "group": 1, 
            "order": 3, 
            "stage": 2
        }
    }, 
    {
        "pk": 4, 
        "model": "studies.stagegroup", 
        "fields": {
            "group": 2, 
            "order": 1, 
            "stage": 1
        }
    }, 
    {
        "pk": 5, 
        "model": "studies.stagegroup", 
        "fields": {
            "group": 1, 
            "order": 2, 
            "stage": 4
        }
    }, 
    {
        "pk": 6, 
        "model": "studies.stagegroup", 
        "fields": {
            "group": 2, 
            "order": 3, 
            "stage": 2
        }
    }, 
    {
        "pk": 1, 
        "model": "studies.data", 
        "fields": {
            "studyparticipant": 1, 
            "code": "CON", 
            "timestamp": "2010-08-04 15:09:46", 
            "datum": "Consent given", 
            "session": 1, 
            "stage": 1
        }
    }, 
    {
        "pk": 2, 
        "model": "studies.data", 
        "fields": {
            "studyparticipant": 1, 
            "code": "ssc", 
            "timestamp": "2010-08-04 15:09:46", 
            "datum": "session completed", 
            "session": 1, 
            "stage": 1
        }
    }, 
    {
        "pk": 1, 
        "model": "studies.userstage", 
        "fields": {
            "status": 1, 
            "last_session_completed": "2010-07-04 15:04:32", 
            "end_date": null, 
            "sessions_completed": 0, 
            "order": 1, 
            "user": 4, 
            "start_date": "2010-07-04 15:04:32", 
            "stage": 1
        }
    }, 
    {
        "pk": 2, 
        "model": "studies.userstage", 
        "fields": {
            "status": 2, 
            "last_session_completed": null, 
            "end_date": null, 
            "sessions_completed": 0, 
            "order": 2, 
            "user": 4, 
            "start_date": null, 
            "stage": 4
        }
    }, 
    {
        "pk": 3, 
        "model": "studies.userstage", 
        "fields": {
            "status": 2, 
            "last_session_completed": null, 
            "end_date": null, 
            "sessions_completed": 0, 
            "order": 3, 
            "user": 4, 
            "start_date": null, 
            "stage": 2
        }
    }, 
    {
        "pk": 4, 
        "model": "studies.userstage", 
        "fields": {
            "status": 1, 
            "last_session_completed": "2010-08-04 15:04:40", 
            "end_date": null, 
            "sessions_completed": 0, 
            "order": 1, 
            "user": 5, 
            "start_date": "2010-08-04 15:04:40", 
            "stage": 1
        }
    }, 
    {
        "pk": 5, 
        "model": "studies.userstage", 
        "fields": {
            "status": 2, 
            "last_session_completed": null, 
            "end_date": null, 
            "sessions_completed": 0, 
            "order": 2, 
            "user": 5, 
            "start_date": null, 
            "stage": 4
        }
    }, 
    {
        "pk": 6, 
        "model": "studies.userstage", 
        "fields": {
            "status": 2, 
            "last_session_completed": null, 
            "end_date": null, 
            "sessions_completed": 0, 
            "order": 3, 
            "user": 5, 
            "start_date": null, 
            "stage": 2
        }
    }, 
    {
        "pk": 7, 
        "model": "studies.userstage", 
        "fields": {
            "status": 1, 
            "last_session_completed": "2010-08-04 15:04:52", 
            "end_date": null, 
            "sessions_completed": 0, 
            "order": 1, 
            "user": 1, 
            "start_date": "2010-08-04 15:04:52", 
            "stage": 1
        }
    }, 
    {
        "pk": 8, 
        "model": "studies.userstage", 
        "fields": {
            "status": 2, 
            "last_session_completed": null, 
            "end_date": null, 
            "sessions_completed": 0, 
            "order": 2, 
            "user": 1, 
            "start_date": null, 
            "stage": 4
        }
    }, 
    {
        "pk": 9, 
        "model": "studies.userstage", 
        "fields": {
            "status": 2, 
            "last_session_completed": null, 
            "end_date": null, 
            "sessions_completed": 0, 
            "order": 3, 
            "user": 1, 
            "start_date": null, 
            "stage": 2
        }
    }, 
    {
        "pk": 74, 
        "model": "boggle.game", 
        "fields": {
            "round_max": 2, 
            "game_over_url": "/study/fbog", 
            "state": 3, 
            "created_at": "2010-08-04 13:50:40"
        }
    }, 
    {
        "pk": 73, 
        "model": "boggle.game", 
        "fields": {
            "round_max": 2, 
            "game_over_url": "/study/fbog", 
            "state": 3, 
            "created_at": "2010-08-04 13:48:31"
        }
    }, 
    {
        "pk": 72, 
        "model": "boggle.game", 
        "fields": {
            "round_max": 2, 
            "game_over_url": "/study/fbog", 
            "state": 3, 
            "created_at": "2010-08-04 13:46:18"
        }
    }, 
    {
        "pk": 71, 
        "model": "boggle.game", 
        "fields": {
            "round_max": 2, 
            "game_over_url": "/study/fbog", 
            "state": 3, 
            "created_at": "2010-08-04 13:46:13"
        }
    }, 
    {
        "pk": 70, 
        "model": "boggle.game", 
        "fields": {
            "round_max": 2, 
            "game_over_url": "/study/fbog", 
            "state": 3, 
            "created_at": "2010-08-04 13:44:33"
        }
    }, 
    {
        "pk": 69, 
        "model": "boggle.game", 
        "fields": {
            "round_max": 2, 
            "game_over_url": "/study/", 
            "state": 3, 
            "created_at": "2010-08-04 11:55:53"
        }
    }, 
    {
        "pk": 68, 
        "model": "boggle.game", 
        "fields": {
            "round_max": 2, 
            "game_over_url": "/study/", 
            "state": 3, 
            "created_at": "2010-08-04 11:26:49"
        }
    }, 
    {
        "pk": 67, 
        "model": "boggle.game", 
        "fields": {
            "round_max": 2, 
            "game_over_url": "/study/", 
            "state": 3, 
            "created_at": "2010-08-03 17:15:27"
        }
    }, 
    {
        "pk": 66, 
        "model": "boggle.game", 
        "fields": {
            "round_max": 2, 
            "game_over_url": "/study/", 
            "state": 3, 
            "created_at": "2010-08-03 17:09:18"
        }
    }, 
    {
        "pk": 65, 
        "model": "boggle.game", 
        "fields": {
            "round_max": 1, 
            "game_over_url": "/study/1/", 
            "state": 3, 
            "created_at": "2010-08-03 16:59:59"
        }
    }, 
    {
        "pk": 64, 
        "model": "boggle.game", 
        "fields": {
            "round_max": 1, 
            "game_over_url": "/study/1/", 
            "state": 3, 
            "created_at": "2010-08-03 14:36:20"
        }
    }, 
    {
        "pk": 63, 
        "model": "boggle.game", 
        "fields": {
            "round_max": 1, 
            "game_over_url": "/study/1/", 
            "state": 3, 
            "created_at": "2010-08-03 14:34:51"
        }
    }, 
    {
        "pk": 62, 
        "model": "boggle.game", 
        "fields": {
            "round_max": 1, 
            "game_over_url": "/study/1/", 
            "state": 3, 
            "created_at": "2010-08-03 14:33:54"
        }
    }, 
    {
        "pk": 61, 
        "model": "boggle.game", 
        "fields": {
            "round_max": 1, 
            "game_over_url": "/study/1/", 
            "state": 3, 
            "created_at": "2010-08-03 14:31:43"
        }
    }, 
    {
        "pk": 60, 
        "model": "boggle.game", 
        "fields": {
            "round_max": 1, 
            "game_over_url": "/study/1/", 
            "state": 3, 
            "created_at": "2010-08-03 14:31:14"
        }
    }, 
    {
        "pk": 59, 
        "model": "boggle.game", 
        "fields": {
            "round_max": 1, 
            "game_over_url": "/study/1/", 
            "state": 3, 
            "created_at": "2010-08-03 14:30:12"
        }
    }, 
    {
        "pk": 58, 
        "model": "boggle.game", 
        "fields": {
            "round_max": 1, 
            "game_over_url": "/study/1/", 
            "state": 3, 
            "created_at": "2010-08-03 14:28:43"
        }
    }, 
    {
        "pk": 57, 
        "model": "boggle.game", 
        "fields": {
            "round_max": 1, 
            "game_over_url": "/study/1/", 
            "state": 3, 
            "created_at": "2010-08-03 14:27:13"
        }
    }, 
    {
        "pk": 56, 
        "model": "boggle.game", 
        "fields": {
            "round_max": 1, 
            "game_over_url": "/study/1/", 
            "state": 3, 
            "created_at": "2010-08-03 14:26:49"
        }
    }, 
    {
        "pk": 55, 
        "model": "boggle.game", 
        "fields": {
            "round_max": 1, 
            "game_over_url": "/study/1/", 
            "state": 3, 
            "created_at": "2010-08-03 14:20:06"
        }
    }, 
    {
        "pk": 54, 
        "model": "boggle.game", 
        "fields": {
            "round_max": 1, 
            "game_over_url": "/study/1/", 
            "state": 3, 
            "created_at": "2010-08-03 14:09:02"
        }
    }, 
    {
        "pk": 53, 
        "model": "boggle.game", 
        "fields": {
            "round_max": 1, 
            "game_over_url": "/study/1/", 
            "state": 3, 
            "created_at": "2010-08-03 14:08:47"
        }
    }, 
    {
        "pk": 52, 
        "model": "boggle.game", 
        "fields": {
            "round_max": 1, 
            "game_over_url": "/study/1/", 
            "state": 3, 
            "created_at": "2010-08-03 14:08:06"
        }
    }, 
    {
        "pk": 51, 
        "model": "boggle.game", 
        "fields": {
            "round_max": 1, 
            "game_over_url": "/study/1/", 
            "state": 3, 
            "created_at": "2010-08-03 14:07:37"
        }
    }, 
    {
        "pk": 50, 
        "model": "boggle.game", 
        "fields": {
            "round_max": 1, 
            "game_over_url": "/study/1/", 
            "state": 3, 
            "created_at": "2010-08-03 14:07:37"
        }
    }, 
    {
        "pk": 49, 
        "model": "boggle.game", 
        "fields": {
            "round_max": 1, 
            "game_over_url": "/study/1/", 
            "state": 3, 
            "created_at": "2010-08-03 14:06:12"
        }
    }, 
    {
        "pk": 48, 
        "model": "boggle.game", 
        "fields": {
            "round_max": 1, 
            "game_over_url": "/study/1/", 
            "state": 3, 
            "created_at": "2010-08-03 13:55:18"
        }
    }, 
    {
        "pk": 47, 
        "model": "boggle.game", 
        "fields": {
            "round_max": 1, 
            "game_over_url": "/study/1/", 
            "state": 3, 
            "created_at": "2010-08-03 13:53:46"
        }
    }, 
    {
        "pk": 46, 
        "model": "boggle.game", 
        "fields": {
            "round_max": 1, 
            "game_over_url": "/study/1/", 
            "state": 3, 
            "created_at": "2010-08-03 13:46:55"
        }
    }, 
    {
        "pk": 45, 
        "model": "boggle.game", 
        "fields": {
            "round_max": 10, 
            "game_over_url": "/", 
            "state": 3, 
            "created_at": "2010-08-03 13:35:52"
        }
    }, 
    {
        "pk": 44, 
        "model": "boggle.game", 
        "fields": {
            "round_max": 10, 
            "game_over_url": "/", 
            "state": 3, 
            "created_at": "2010-08-03 13:32:33"
        }
    }, 
    {
        "pk": 43, 
        "model": "boggle.game", 
        "fields": {
            "round_max": 1, 
            "game_over_url": "/study/1/", 
            "state": 3, 
            "created_at": "2010-08-03 11:03:31"
        }
    }, 
    {
        "pk": 42, 
        "model": "boggle.game", 
        "fields": {
            "round_max": 2, 
            "game_over_url": "/study/", 
            "state": 3, 
            "created_at": "2010-08-03 10:56:10"
        }
    }, 
    {
        "pk": 41, 
        "model": "boggle.game", 
        "fields": {
            "round_max": 2, 
            "game_over_url": "/study/", 
            "state": 3, 
            "created_at": "2010-08-03 10:53:14"
        }
    }, 
    {
        "pk": 40, 
        "model": "boggle.game", 
        "fields": {
            "round_max": 2, 
            "game_over_url": "/study/", 
            "state": 3, 
            "created_at": "2010-08-03 10:49:14"
        }
    }, 
    {
        "pk": 39, 
        "model": "boggle.game", 
        "fields": {
            "round_max": 2, 
            "game_over_url": "/study/", 
            "state": 3, 
            "created_at": "2010-08-03 10:42:27"
        }
    }, 
    {
        "pk": 38, 
        "model": "boggle.game", 
        "fields": {
            "round_max": 2, 
            "game_over_url": "/study/", 
            "state": 3, 
            "created_at": "2010-08-03 10:42:26"
        }
    }, 
    {
        "pk": 37, 
        "model": "boggle.game", 
        "fields": {
            "round_max": 2, 
            "game_over_url": "/study/", 
            "state": 3, 
            "created_at": "2010-08-03 10:42:00"
        }
    }, 
    {
        "pk": 36, 
        "model": "boggle.game", 
        "fields": {
            "round_max": 2, 
            "game_over_url": "/study/", 
            "state": 3, 
            "created_at": "2010-08-03 10:42:00"
        }
    }, 
    {
        "pk": 35, 
        "model": "boggle.game", 
        "fields": {
            "round_max": 2, 
            "game_over_url": "/study/", 
            "state": 3, 
            "created_at": "2010-08-03 10:38:17"
        }
    }, 
    {
        "pk": 34, 
        "model": "boggle.game", 
        "fields": {
            "round_max": 2, 
            "game_over_url": "/study/", 
            "state": 3, 
            "created_at": "2010-08-03 10:38:14"
        }
    }, 
    {
        "pk": 33, 
        "model": "boggle.game", 
        "fields": {
            "round_max": 2, 
            "game_over_url": "/study/", 
            "state": 3, 
            "created_at": "2010-08-03 10:38:14"
        }
    }, 
    {
        "pk": 32, 
        "model": "boggle.game", 
        "fields": {
            "round_max": 2, 
            "game_over_url": "/study/", 
            "state": 3, 
            "created_at": "2010-08-03 10:37:02"
        }
    }, 
    {
        "pk": 31, 
        "model": "boggle.game", 
        "fields": {
            "round_max": 10, 
            "game_over_url": "/", 
            "state": 3, 
            "created_at": "2010-08-03 10:36:57"
        }
    }, 
    {
        "pk": 30, 
        "model": "boggle.game", 
        "fields": {
            "round_max": 10, 
            "game_over_url": "/", 
            "state": 3, 
            "created_at": "2010-08-03 10:35:49"
        }
    }, 
    {
        "pk": 29, 
        "model": "boggle.game", 
        "fields": {
            "round_max": 2, 
            "game_over_url": "/study/", 
            "state": 3, 
            "created_at": "2010-08-03 10:35:40"
        }
    }, 
    {
        "pk": 28, 
        "model": "boggle.game", 
        "fields": {
            "round_max": 2, 
            "game_over_url": "/study/", 
            "state": 3, 
            "created_at": "2010-08-03 10:33:18"
        }
    }, 
    {
        "pk": 27, 
        "model": "boggle.game", 
        "fields": {
            "round_max": 10, 
            "game_over_url": "/", 
            "state": 3, 
            "created_at": "2010-08-03 10:31:43"
        }
    }, 
    {
        "pk": 26, 
        "model": "boggle.game", 
        "fields": {
            "round_max": 10, 
            "game_over_url": "/", 
            "state": 3, 
            "created_at": "2010-08-03 10:31:29"
        }
    }, 
    {
        "pk": 25, 
        "model": "boggle.game", 
        "fields": {
            "round_max": 10, 
            "game_over_url": "/", 
            "state": 3, 
            "created_at": "2010-08-03 10:31:29"
        }
    }, 
    {
        "pk": 24, 
        "model": "boggle.game", 
        "fields": {
            "round_max": 10, 
            "game_over_url": "/", 
            "state": 3, 
            "created_at": "2010-08-03 10:31:24"
        }
    }, 
    {
        "pk": 23, 
        "model": "boggle.game", 
        "fields": {
            "round_max": 10, 
            "game_over_url": "/", 
            "state": 3, 
            "created_at": "2010-08-03 10:31:24"
        }
    }, 
    {
        "pk": 22, 
        "model": "boggle.game", 
        "fields": {
            "round_max": 10, 
            "game_over_url": "/", 
            "state": 3, 
            "created_at": "2010-08-03 10:30:59"
        }
    }, 
    {
        "pk": 21, 
        "model": "boggle.game", 
        "fields": {
            "round_max": 10, 
            "game_over_url": "/", 
            "state": 3, 
            "created_at": "2010-08-03 10:30:51"
        }
    }, 
    {
        "pk": 20, 
        "model": "boggle.game", 
        "fields": {
            "round_max": 10, 
            "game_over_url": "/", 
            "state": 3, 
            "created_at": "2010-08-03 10:30:51"
        }
    }, 
    {
        "pk": 19, 
        "model": "boggle.game", 
        "fields": {
            "round_max": 10, 
            "game_over_url": "/", 
            "state": 3, 
            "created_at": "2010-08-03 10:30:09"
        }
    }, 
    {
        "pk": 18, 
        "model": "boggle.game", 
        "fields": {
            "round_max": 10, 
            "game_over_url": "/", 
            "state": 3, 
            "created_at": "2010-08-03 10:29:32"
        }
    }, 
    {
        "pk": 17, 
        "model": "boggle.game", 
        "fields": {
            "round_max": 10, 
            "game_over_url": "/", 
            "state": 3, 
            "created_at": "2010-08-03 10:28:04"
        }
    }, 
    {
        "pk": 16, 
        "model": "boggle.game", 
        "fields": {
            "round_max": 10, 
            "game_over_url": "/", 
            "state": 3, 
            "created_at": "2010-08-03 10:27:48"
        }
    }, 
    {
        "pk": 15, 
        "model": "boggle.game", 
        "fields": {
            "round_max": 2, 
            "game_over_url": "/study/", 
            "state": 3, 
            "created_at": "2010-08-03 10:20:21"
        }
    }, 
    {
        "pk": 14, 
        "model": "boggle.game", 
        "fields": {
            "round_max": 2, 
            "game_over_url": "/study/", 
            "state": 3, 
            "created_at": "2010-08-03 10:17:57"
        }
    }, 
    {
        "pk": 13, 
        "model": "boggle.game", 
        "fields": {
            "round_max": 2, 
            "game_over_url": "/study/", 
            "state": 3, 
            "created_at": "2010-08-03 10:10:56"
        }
    }, 
    {
        "pk": 12, 
        "model": "boggle.game", 
        "fields": {
            "round_max": 2, 
            "game_over_url": "/study/", 
            "state": 3, 
            "created_at": "2010-08-03 09:33:49"
        }
    }, 
    {
        "pk": 11, 
        "model": "boggle.game", 
        "fields": {
            "round_max": 2, 
            "game_over_url": "/study/", 
            "state": 3, 
            "created_at": "2010-08-03 09:33:32"
        }
    }, 
    {
        "pk": 10, 
        "model": "boggle.game", 
        "fields": {
            "round_max": 2, 
            "game_over_url": "/study/", 
            "state": 3, 
            "created_at": "2010-07-23 16:47:45"
        }
    }, 
    {
        "pk": 9, 
        "model": "boggle.game", 
        "fields": {
            "round_max": 2, 
            "game_over_url": "/study/", 
            "state": 3, 
            "created_at": "2010-07-21 10:57:23"
        }
    }, 
    {
        "pk": 8, 
        "model": "boggle.game", 
        "fields": {
            "round_max": 2, 
            "game_over_url": "/study/", 
            "state": 2, 
            "created_at": "2010-07-20 10:22:36"
        }
    }, 
    {
        "pk": 7, 
        "model": "boggle.game", 
        "fields": {
            "round_max": 10, 
            "game_over_url": "/", 
            "state": 3, 
            "created_at": "2010-07-19 16:03:18"
        }
    }, 
    {
        "pk": 6, 
        "model": "boggle.game", 
        "fields": {
            "round_max": 10, 
            "game_over_url": "/", 
            "state": 3, 
            "created_at": "2010-07-19 15:59:19"
        }
    }, 
    {
        "pk": 5, 
        "model": "boggle.game", 
        "fields": {
            "round_max": 10, 
            "game_over_url": "/", 
            "state": 3, 
            "created_at": "2010-07-19 15:41:29"
        }
    }, 
    {
        "pk": 4, 
        "model": "boggle.game", 
        "fields": {
            "round_max": 10, 
            "game_over_url": "/", 
            "state": 3, 
            "created_at": "2010-07-19 15:35:40"
        }
    }, 
    {
        "pk": 3, 
        "model": "boggle.game", 
        "fields": {
            "round_max": 2, 
            "game_over_url": "/study/", 
            "state": 3, 
            "created_at": "2010-07-19 15:06:34"
        }
    }, 
    {
        "pk": 2, 
        "model": "boggle.game", 
        "fields": {
            "round_max": 2, 
            "game_over_url": "/study/", 
            "state": 3, 
            "created_at": "2010-07-19 14:57:37"
        }
    }, 
    {
        "pk": 1, 
        "model": "boggle.game", 
        "fields": {
            "round_max": 10, 
            "game_over_url": "", 
            "state": 3, 
            "created_at": "2010-07-19 12:30:15"
        }
    }, 
    {
        "pk": 13, 
        "model": "boggle.round", 
        "fields": {
            "number": 3, 
            "start": "2010-07-19 16:13:20", 
            "game": 7, 
            "mode": 2, 
            "duration": 180, 
            "board": "LESTOUQTAAWOSEXO"
        }
    }, 
    {
        "pk": 3, 
        "model": "boggle.round", 
        "fields": {
            "number": 2, 
            "start": "2010-07-19 14:57:52", 
            "game": 2, 
            "mode": 0, 
            "duration": 5, 
            "board": "SRLRNSUHDUOSOBEE"
        }
    }, 
    {
        "pk": 5, 
        "model": "boggle.round", 
        "fields": {
            "number": 2, 
            "start": "2010-07-19 15:28:44", 
            "game": 3, 
            "mode": 0, 
            "duration": 180, 
            "board": "ISESNTDIBEULUOHT"
        }
    }, 
    {
        "pk": 8, 
        "model": "boggle.round", 
        "fields": {
            "number": 2, 
            "start": "2010-07-19 15:59:08", 
            "game": 4, 
            "mode": 2, 
            "duration": 180, 
            "board": "IRROAEAQIOSDIVEA"
        }
    }, 
    {
        "pk": 10, 
        "model": "boggle.round", 
        "fields": {
            "number": 2, 
            "start": "2010-07-19 16:02:40", 
            "game": 6, 
            "mode": 2, 
            "duration": 180, 
            "board": "CGRVTETHLECBPANS"
        }
    }, 
    {
        "pk": 12, 
        "model": "boggle.round", 
        "fields": {
            "number": 2, 
            "start": "2010-07-19 16:10:17", 
            "game": 7, 
            "mode": 2, 
            "duration": 180, 
            "board": "AAAAAAAAAAAAAAAA"
        }
    }, 
    {
        "pk": 17, 
        "model": "boggle.round", 
        "fields": {
            "number": 2, 
            "start": "2010-08-03 10:59:26", 
            "game": 42, 
            "mode": 3, 
            "duration": 180, 
            "board": "A *Qu F G A E E T A L M A R U T Z"
        }
    }, 
    {
        "pk": 32, 
        "model": "boggle.round", 
        "fields": {
            "number": 2, 
            "start": "2010-08-04 11:59:12", 
            "game": 69, 
            "mode": 1, 
            "duration": 180, 
            "board": "O N O P E M T T W E N L W E A A"
        }
    }, 
    {
        "pk": 34, 
        "model": "boggle.round", 
        "fields": {
            "number": 2, 
            "start": "2010-08-04 13:45:11", 
            "game": 70, 
            "mode": 1, 
            "duration": 30, 
            "board": "E Y B I I E N O I Qu T T A A N P"
        }
    }, 
    {
        "pk": 36, 
        "model": "boggle.round", 
        "fields": {
            "number": 2, 
            "start": "2010-08-04 13:46:54", 
            "game": 72, 
            "mode": 1, 
            "duration": 30, 
            "board": "L N H R E R F I G I O B T A U H"
        }
    }, 
    {
        "pk": 38, 
        "model": "boggle.round", 
        "fields": {
            "number": 2, 
            "start": "2010-08-04 13:49:08", 
            "game": 73, 
            "mode": 1, 
            "duration": 30, 
            "board": "O H J N U V Y R L D S N H G F O"
        }
    }, 
    {
        "pk": 40, 
        "model": "boggle.round", 
        "fields": {
            "number": 2, 
            "start": "2010-08-04 13:51:16", 
            "game": 74, 
            "mode": 1, 
            "duration": 30, 
            "board": "T X C R E I R T U N R T S B E F"
        }
    }, 
    {
        "pk": 1, 
        "model": "boggle.round", 
        "fields": {
            "number": 1, 
            "start": "2010-07-19 12:30:20", 
            "game": 1, 
            "mode": 0, 
            "duration": 180, 
            "board": "WZWHPSTYBCSTOAES"
        }
    }, 
    {
        "pk": 2, 
        "model": "boggle.round", 
        "fields": {
            "number": 1, 
            "start": "2010-07-19 14:57:42", 
            "game": 2, 
            "mode": 1, 
            "duration": 5, 
            "board": "DILONSWNRSIPBOTA"
        }
    }, 
    {
        "pk": 4, 
        "model": "boggle.round", 
        "fields": {
            "number": 1, 
            "start": "2010-07-19 15:06:37", 
            "game": 3, 
            "mode": 0, 
            "duration": 180, 
            "board": "TPUHLNVHGDAHTISS"
        }
    }, 
    {
        "pk": 6, 
        "model": "boggle.round", 
        "fields": {
            "number": 1, 
            "start": "2010-07-19 15:35:42", 
            "game": 4, 
            "mode": 0, 
            "duration": 180, 
            "board": "TROTQHHELAELKSOI"
        }
    }, 
    {
        "pk": 7, 
        "model": "boggle.round", 
        "fields": {
            "number": 1, 
            "start": "2010-07-19 15:41:31", 
            "game": 5, 
            "mode": 2, 
            "duration": 180, 
            "board": "UITHRYUHTNTEBNFN"
        }
    }, 
    {
        "pk": 9, 
        "model": "boggle.round", 
        "fields": {
            "number": 1, 
            "start": "2010-07-19 15:59:21", 
            "game": 6, 
            "mode": 2, 
            "duration": 180, 
            "board": "OEANMYEEDDEHLTHT"
        }
    }, 
    {
        "pk": 11, 
        "model": "boggle.round", 
        "fields": {
            "number": 1, 
            "start": "2010-07-19 16:03:20", 
            "game": 7, 
            "mode": 2, 
            "duration": 180, 
            "board": "AAAAAAAAAAAAAAAA"
        }
    }, 
    {
        "pk": 14, 
        "model": "boggle.round", 
        "fields": {
            "number": 1, 
            "start": "2010-07-20 10:22:47", 
            "game": 8, 
            "mode": 2, 
            "duration": 180, 
            "board": "FYTEOUASHMLEOEAL"
        }
    }, 
    {
        "pk": 15, 
        "model": "boggle.round", 
        "fields": {
            "number": 1, 
            "start": "2010-07-21 10:58:23", 
            "game": 9, 
            "mode": 3, 
            "duration": 180, 
            "board": "T F N I O N W T O *Qu R Y C X B R"
        }
    }, 
    {
        "pk": 16, 
        "model": "boggle.round", 
        "fields": {
            "number": 1, 
            "start": "2010-08-03 10:56:21", 
            "game": 42, 
            "mode": 3, 
            "duration": 180, 
            "board": "Qu T L B I T D *Qu A N O S U E T I"
        }
    }, 
    {
        "pk": 18, 
        "model": "boggle.round", 
        "fields": {
            "number": 1, 
            "start": "2010-08-03 11:03:33", 
            "game": 43, 
            "mode": 3, 
            "duration": 180, 
            "board": "O P E S I B R H Z Y T D T *Qu Y E"
        }
    }, 
    {
        "pk": 19, 
        "model": "boggle.round", 
        "fields": {
            "number": 1, 
            "start": "2010-08-03 13:32:41", 
            "game": 44, 
            "mode": 3, 
            "duration": 180, 
            "board": "D O G N R *Qu B P H Y A T W N M I"
        }
    }, 
    {
        "pk": 20, 
        "model": "boggle.round", 
        "fields": {
            "number": 1, 
            "start": "2010-08-03 13:35:54", 
            "game": 45, 
            "mode": 1, 
            "duration": 180, 
            "board": "Y C H O A K U I N M I R W N V A"
        }
    }, 
    {
        "pk": 21, 
        "model": "boggle.round", 
        "fields": {
            "number": 1, 
            "start": "2010-08-03 13:47:01", 
            "game": 46, 
            "mode": 1, 
            "duration": 180, 
            "board": "N S I D O E X Y O F C S O N S N"
        }
    }, 
    {
        "pk": 22, 
        "model": "boggle.round", 
        "fields": {
            "number": 1, 
            "start": "2010-08-03 13:53:49", 
            "game": 47, 
            "mode": 1, 
            "duration": 180, 
            "board": "Y T X T I C F L J A D H R E E N"
        }
    }, 
    {
        "pk": 23, 
        "model": "boggle.round", 
        "fields": {
            "number": 1, 
            "start": "2010-08-03 14:09:46", 
            "game": 54, 
            "mode": 1, 
            "duration": 180, 
            "board": "N H S D I N O R S A L R A L U T"
        }
    }, 
    {
        "pk": 24, 
        "model": "boggle.round", 
        "fields": {
            "number": 1, 
            "start": "2010-08-03 14:20:09", 
            "game": 55, 
            "mode": 1, 
            "duration": 180, 
            "board": "O E I O F S V C N R E E T R A H"
        }
    }, 
    {
        "pk": 25, 
        "model": "boggle.round", 
        "fields": {
            "number": 1, 
            "start": "2010-08-03 14:27:17", 
            "game": 57, 
            "mode": 1, 
            "duration": 180, 
            "board": "G W N Y T O M A H I V H T W H S"
        }
    }, 
    {
        "pk": 26, 
        "model": "boggle.round", 
        "fields": {
            "number": 1, 
            "start": "2010-08-03 14:28:52", 
            "game": 58, 
            "mode": 1, 
            "duration": 180, 
            "board": "T U A M D G H T E O D W A T T E"
        }
    }, 
    {
        "pk": 27, 
        "model": "boggle.round", 
        "fields": {
            "number": 1, 
            "start": "2010-08-03 14:38:03", 
            "game": 64, 
            "mode": 1, 
            "duration": 180, 
            "board": "Z A S T B T I H T S R E M V I K"
        }
    }, 
    {
        "pk": 28, 
        "model": "boggle.round", 
        "fields": {
            "number": 1, 
            "start": "2010-08-03 17:00:02", 
            "game": 65, 
            "mode": 1, 
            "duration": 180, 
            "board": "N B Y Y N E T S E N I O A X T K"
        }
    }, 
    {
        "pk": 29, 
        "model": "boggle.round", 
        "fields": {
            "number": 1, 
            "start": "2010-08-03 17:09:23", 
            "game": 66, 
            "mode": 1, 
            "duration": 180, 
            "board": "M N D A S O S S N T D B Y E A H"
        }
    }, 
    {
        "pk": 30, 
        "model": "boggle.round", 
        "fields": {
            "number": 1, 
            "start": "2010-08-03 17:16:10", 
            "game": 67, 
            "mode": 1, 
            "duration": 180, 
            "board": "L A O H H L J U S L S W O N O N"
        }
    }, 
    {
        "pk": 31, 
        "model": "boggle.round", 
        "fields": {
            "number": 1, 
            "start": "2010-08-04 11:55:58", 
            "game": 69, 
            "mode": 1, 
            "duration": 180, 
            "board": "D G I O A N H E T P V U H T E S"
        }
    }, 
    {
        "pk": 33, 
        "model": "boggle.round", 
        "fields": {
            "number": 1, 
            "start": "2010-08-04 13:44:36", 
            "game": 70, 
            "mode": 1, 
            "duration": 30, 
            "board": "N P R Y E S C B E D I T I P D W"
        }
    }, 
    {
        "pk": 35, 
        "model": "boggle.round", 
        "fields": {
            "number": 1, 
            "start": "2010-08-04 13:46:20", 
            "game": 72, 
            "mode": 1, 
            "duration": 30, 
            "board": "M A T K I B G I H R L T I O E N"
        }
    }, 
    {
        "pk": 37, 
        "model": "boggle.round", 
        "fields": {
            "number": 1, 
            "start": "2010-08-04 13:48:33", 
            "game": 73, 
            "mode": 1, 
            "duration": 30, 
            "board": "Y N A L R H Y T U A H Qu E N Z B"
        }
    }, 
    {
        "pk": 39, 
        "model": "boggle.round", 
        "fields": {
            "number": 1, 
            "start": "2010-08-04 13:50:43", 
            "game": 74, 
            "mode": 1, 
            "duration": 30, 
            "board": "T N E S T T S B H S A L Z G L K"
        }
    }, 
    {
        "pk": 1, 
        "model": "boggle.player", 
        "fields": {
            "active": false, 
            "position": 1, 
            "game": 1, 
            "score": 0, 
            "user": 1
        }
    }, 
    {
        "pk": 5, 
        "model": "boggle.player", 
        "fields": {
            "active": false, 
            "position": 1, 
            "game": 5, 
            "score": 0, 
            "user": 1
        }
    }, 
    {
        "pk": 6, 
        "model": "boggle.player", 
        "fields": {
            "active": false, 
            "position": 1, 
            "game": 6, 
            "score": 0, 
            "user": 1
        }
    }, 
    {
        "pk": 7, 
        "model": "boggle.player", 
        "fields": {
            "active": false, 
            "position": 1, 
            "game": 7, 
            "score": 0, 
            "user": 1
        }
    }, 
    {
        "pk": 9, 
        "model": "boggle.player", 
        "fields": {
            "active": false, 
            "position": 1, 
            "game": 9, 
            "score": 0, 
            "user": 1
        }
    }, 
    {
        "pk": 10, 
        "model": "boggle.player", 
        "fields": {
            "active": false, 
            "position": 1, 
            "game": 10, 
            "score": 0, 
            "user": 1
        }
    }, 
    {
        "pk": 11, 
        "model": "boggle.player", 
        "fields": {
            "active": false, 
            "position": 1, 
            "game": 11, 
            "score": 0, 
            "user": 1
        }
    }, 
    {
        "pk": 12, 
        "model": "boggle.player", 
        "fields": {
            "active": false, 
            "position": 1, 
            "game": 12, 
            "score": 0, 
            "user": 1
        }
    }, 
    {
        "pk": 13, 
        "model": "boggle.player", 
        "fields": {
            "active": false, 
            "position": 1, 
            "game": 13, 
            "score": 0, 
            "user": 1
        }
    }, 
    {
        "pk": 14, 
        "model": "boggle.player", 
        "fields": {
            "active": false, 
            "position": 1, 
            "game": 14, 
            "score": 0, 
            "user": 1
        }
    }, 
    {
        "pk": 15, 
        "model": "boggle.player", 
        "fields": {
            "active": false, 
            "position": 1, 
            "game": 15, 
            "score": 0, 
            "user": 1
        }
    }, 
    {
        "pk": 16, 
        "model": "boggle.player", 
        "fields": {
            "active": false, 
            "position": 1, 
            "game": 16, 
            "score": 0, 
            "user": 1
        }
    }, 
    {
        "pk": 17, 
        "model": "boggle.player", 
        "fields": {
            "active": false, 
            "position": 1, 
            "game": 17, 
            "score": 0, 
            "user": 1
        }
    }, 
    {
        "pk": 18, 
        "model": "boggle.player", 
        "fields": {
            "active": false, 
            "position": 1, 
            "game": 18, 
            "score": 0, 
            "user": 1
        }
    }, 
    {
        "pk": 19, 
        "model": "boggle.player", 
        "fields": {
            "active": false, 
            "position": 1, 
            "game": 19, 
            "score": 0, 
            "user": 1
        }
    }, 
    {
        "pk": 20, 
        "model": "boggle.player", 
        "fields": {
            "active": false, 
            "position": 1, 
            "game": 20, 
            "score": 0, 
            "user": 1
        }
    }, 
    {
        "pk": 21, 
        "model": "boggle.player", 
        "fields": {
            "active": false, 
            "position": 1, 
            "game": 21, 
            "score": 0, 
            "user": 1
        }
    }, 
    {
        "pk": 22, 
        "model": "boggle.player", 
        "fields": {
            "active": false, 
            "position": 1, 
            "game": 22, 
            "score": 0, 
            "user": 1
        }
    }, 
    {
        "pk": 23, 
        "model": "boggle.player", 
        "fields": {
            "active": false, 
            "position": 1, 
            "game": 23, 
            "score": 0, 
            "user": 1
        }
    }, 
    {
        "pk": 24, 
        "model": "boggle.player", 
        "fields": {
            "active": false, 
            "position": 1, 
            "game": 24, 
            "score": 0, 
            "user": 1
        }
    }, 
    {
        "pk": 25, 
        "model": "boggle.player", 
        "fields": {
            "active": false, 
            "position": 1, 
            "game": 25, 
            "score": 0, 
            "user": 1
        }
    }, 
    {
        "pk": 26, 
        "model": "boggle.player", 
        "fields": {
            "active": false, 
            "position": 1, 
            "game": 26, 
            "score": 0, 
            "user": 1
        }
    }, 
    {
        "pk": 27, 
        "model": "boggle.player", 
        "fields": {
            "active": false, 
            "position": 1, 
            "game": 27, 
            "score": 0, 
            "user": 1
        }
    }, 
    {
        "pk": 28, 
        "model": "boggle.player", 
        "fields": {
            "active": false, 
            "position": 1, 
            "game": 28, 
            "score": 0, 
            "user": 1
        }
    }, 
    {
        "pk": 29, 
        "model": "boggle.player", 
        "fields": {
            "active": false, 
            "position": 1, 
            "game": 29, 
            "score": 0, 
            "user": 1
        }
    }, 
    {
        "pk": 30, 
        "model": "boggle.player", 
        "fields": {
            "active": false, 
            "position": 1, 
            "game": 30, 
            "score": 0, 
            "user": 1
        }
    }, 
    {
        "pk": 31, 
        "model": "boggle.player", 
        "fields": {
            "active": false, 
            "position": 1, 
            "game": 31, 
            "score": 0, 
            "user": 1
        }
    }, 
    {
        "pk": 32, 
        "model": "boggle.player", 
        "fields": {
            "active": false, 
            "position": 1, 
            "game": 32, 
            "score": 0, 
            "user": 1
        }
    }, 
    {
        "pk": 33, 
        "model": "boggle.player", 
        "fields": {
            "active": false, 
            "position": 1, 
            "game": 33, 
            "score": 0, 
            "user": 1
        }
    }, 
    {
        "pk": 34, 
        "model": "boggle.player", 
        "fields": {
            "active": false, 
            "position": 1, 
            "game": 34, 
            "score": 0, 
            "user": 1
        }
    }, 
    {
        "pk": 35, 
        "model": "boggle.player", 
        "fields": {
            "active": false, 
            "position": 1, 
            "game": 35, 
            "score": 0, 
            "user": 1
        }
    }, 
    {
        "pk": 36, 
        "model": "boggle.player", 
        "fields": {
            "active": false, 
            "position": 1, 
            "game": 36, 
            "score": 0, 
            "user": 1
        }
    }, 
    {
        "pk": 37, 
        "model": "boggle.player", 
        "fields": {
            "active": false, 
            "position": 1, 
            "game": 37, 
            "score": 0, 
            "user": 1
        }
    }, 
    {
        "pk": 38, 
        "model": "boggle.player", 
        "fields": {
            "active": false, 
            "position": 1, 
            "game": 38, 
            "score": 0, 
            "user": 1
        }
    }, 
    {
        "pk": 39, 
        "model": "boggle.player", 
        "fields": {
            "active": false, 
            "position": 1, 
            "game": 39, 
            "score": 0, 
            "user": 1
        }
    }, 
    {
        "pk": 40, 
        "model": "boggle.player", 
        "fields": {
            "active": false, 
            "position": 1, 
            "game": 40, 
            "score": 0, 
            "user": 1
        }
    }, 
    {
        "pk": 41, 
        "model": "boggle.player", 
        "fields": {
            "active": false, 
            "position": 1, 
            "game": 41, 
            "score": 0, 
            "user": 1
        }
    }, 
    {
        "pk": 42, 
        "model": "boggle.player", 
        "fields": {
            "active": true, 
            "position": 1, 
            "game": 42, 
            "score": 0, 
            "user": 1
        }
    }, 
    {
        "pk": 43, 
        "model": "boggle.player", 
        "fields": {
            "active": false, 
            "position": 1, 
            "game": 43, 
            "score": 0, 
            "user": 1
        }
    }, 
    {
        "pk": 44, 
        "model": "boggle.player", 
        "fields": {
            "active": false, 
            "position": 1, 
            "game": 44, 
            "score": 0, 
            "user": 1
        }
    }, 
    {
        "pk": 45, 
        "model": "boggle.player", 
        "fields": {
            "active": false, 
            "position": 1, 
            "game": 45, 
            "score": 0, 
            "user": 1
        }
    }, 
    {
        "pk": 46, 
        "model": "boggle.player", 
        "fields": {
            "active": false, 
            "position": 1, 
            "game": 46, 
            "score": 0, 
            "user": 1
        }
    }, 
    {
        "pk": 47, 
        "model": "boggle.player", 
        "fields": {
            "active": false, 
            "position": 1, 
            "game": 47, 
            "score": 0, 
            "user": 1
        }
    }, 
    {
        "pk": 48, 
        "model": "boggle.player", 
        "fields": {
            "active": false, 
            "position": 1, 
            "game": 48, 
            "score": 0, 
            "user": 1
        }
    }, 
    {
        "pk": 49, 
        "model": "boggle.player", 
        "fields": {
            "active": false, 
            "position": 1, 
            "game": 49, 
            "score": 0, 
            "user": 1
        }
    }, 
    {
        "pk": 50, 
        "model": "boggle.player", 
        "fields": {
            "active": false, 
            "position": 1, 
            "game": 50, 
            "score": 0, 
            "user": 1
        }
    }, 
    {
        "pk": 51, 
        "model": "boggle.player", 
        "fields": {
            "active": false, 
            "position": 1, 
            "game": 51, 
            "score": 0, 
            "user": 1
        }
    }, 
    {
        "pk": 52, 
        "model": "boggle.player", 
        "fields": {
            "active": false, 
            "position": 1, 
            "game": 52, 
            "score": 0, 
            "user": 1
        }
    }, 
    {
        "pk": 53, 
        "model": "boggle.player", 
        "fields": {
            "active": false, 
            "position": 1, 
            "game": 53, 
            "score": 0, 
            "user": 1
        }
    }, 
    {
        "pk": 54, 
        "model": "boggle.player", 
        "fields": {
            "active": false, 
            "position": 1, 
            "game": 54, 
            "score": 0, 
            "user": 1
        }
    }, 
    {
        "pk": 55, 
        "model": "boggle.player", 
        "fields": {
            "active": false, 
            "position": 1, 
            "game": 55, 
            "score": 0, 
            "user": 1
        }
    }, 
    {
        "pk": 56, 
        "model": "boggle.player", 
        "fields": {
            "active": false, 
            "position": 1, 
            "game": 56, 
            "score": 0, 
            "user": 1
        }
    }, 
    {
        "pk": 57, 
        "model": "boggle.player", 
        "fields": {
            "active": false, 
            "position": 1, 
            "game": 57, 
            "score": 0, 
            "user": 1
        }
    }, 
    {
        "pk": 58, 
        "model": "boggle.player", 
        "fields": {
            "active": false, 
            "position": 1, 
            "game": 58, 
            "score": 0, 
            "user": 1
        }
    }, 
    {
        "pk": 59, 
        "model": "boggle.player", 
        "fields": {
            "active": false, 
            "position": 1, 
            "game": 59, 
            "score": 0, 
            "user": 1
        }
    }, 
    {
        "pk": 60, 
        "model": "boggle.player", 
        "fields": {
            "active": false, 
            "position": 1, 
            "game": 60, 
            "score": 0, 
            "user": 1
        }
    }, 
    {
        "pk": 61, 
        "model": "boggle.player", 
        "fields": {
            "active": false, 
            "position": 1, 
            "game": 61, 
            "score": 0, 
            "user": 1
        }
    }, 
    {
        "pk": 62, 
        "model": "boggle.player", 
        "fields": {
            "active": false, 
            "position": 1, 
            "game": 62, 
            "score": 0, 
            "user": 1
        }
    }, 
    {
        "pk": 63, 
        "model": "boggle.player", 
        "fields": {
            "active": false, 
            "position": 1, 
            "game": 63, 
            "score": 0, 
            "user": 1
        }
    }, 
    {
        "pk": 64, 
        "model": "boggle.player", 
        "fields": {
            "active": false, 
            "position": 1, 
            "game": 64, 
            "score": 0, 
            "user": 1
        }
    }, 
    {
        "pk": 65, 
        "model": "boggle.player", 
        "fields": {
            "active": false, 
            "position": 1, 
            "game": 65, 
            "score": 0, 
            "user": 1
        }
    }, 
    {
        "pk": 66, 
        "model": "boggle.player", 
        "fields": {
            "active": false, 
            "position": 1, 
            "game": 66, 
            "score": 0, 
            "user": 1
        }
    }, 
    {
        "pk": 67, 
        "model": "boggle.player", 
        "fields": {
            "active": false, 
            "position": 1, 
            "game": 67, 
            "score": 0, 
            "user": 1
        }
    }, 
    {
        "pk": 68, 
        "model": "boggle.player", 
        "fields": {
            "active": false, 
            "position": 1, 
            "game": 68, 
            "score": 0, 
            "user": 1
        }
    }, 
    {
        "pk": 69, 
        "model": "boggle.player", 
        "fields": {
            "active": true, 
            "position": 1, 
            "game": 69, 
            "score": 0, 
            "user": 1
        }
    }, 
    {
        "pk": 70, 
        "model": "boggle.player", 
        "fields": {
            "active": true, 
            "position": 1, 
            "game": 70, 
            "score": 0, 
            "user": 1
        }
    }, 
    {
        "pk": 71, 
        "model": "boggle.player", 
        "fields": {
            "active": false, 
            "position": 1, 
            "game": 71, 
            "score": 0, 
            "user": 1
        }
    }, 
    {
        "pk": 72, 
        "model": "boggle.player", 
        "fields": {
            "active": true, 
            "position": 1, 
            "game": 72, 
            "score": 0, 
            "user": 1
        }
    }, 
    {
        "pk": 73, 
        "model": "boggle.player", 
        "fields": {
            "active": true, 
            "position": 1, 
            "game": 73, 
            "score": 0, 
            "user": 1
        }
    }, 
    {
        "pk": 74, 
        "model": "boggle.player", 
        "fields": {
            "active": true, 
            "position": 1, 
            "game": 74, 
            "score": 0, 
            "user": 1
        }
    }, 
    {
        "pk": 1, 
        "model": "boggle.wordlist", 
        "fields": {
            "player": 1, 
            "final_score": null, 
            "round": 1, 
            "raw_words": "..(1)SCAB\n"
        }
    }, 
    {
        "pk": 7, 
        "model": "boggle.wordlist", 
        "fields": {
            "player": 5, 
            "final_score": 0, 
            "round": 7, 
            "raw_words": ""
        }
    }, 
    {
        "pk": 9, 
        "model": "boggle.wordlist", 
        "fields": {
            "player": 6, 
            "final_score": 1, 
            "round": 9, 
            "raw_words": "..(1)NAY\n"
        }
    }, 
    {
        "pk": 10, 
        "model": "boggle.wordlist", 
        "fields": {
            "player": 6, 
            "final_score": null, 
            "round": 10, 
            "raw_words": ""
        }
    }, 
    {
        "pk": 11, 
        "model": "boggle.wordlist", 
        "fields": {
            "player": 7, 
            "final_score": 0, 
            "round": 11, 
            "raw_words": ""
        }
    }, 
    {
        "pk": 12, 
        "model": "boggle.wordlist", 
        "fields": {
            "player": 7, 
            "final_score": 0, 
            "round": 12, 
            "raw_words": ""
        }
    }, 
    {
        "pk": 13, 
        "model": "boggle.wordlist", 
        "fields": {
            "player": 7, 
            "final_score": null, 
            "round": 13, 
            "raw_words": "..(0)SEX\n"
        }
    }, 
    {
        "pk": 15, 
        "model": "boggle.wordlist", 
        "fields": {
            "player": 9, 
            "final_score": 6, 
            "round": 15, 
            "raw_words": "!.(0)FNI\n..(1)FON\n..(1)CON\n..(1)FONT\n..(1)WIN\n..(1)WIT\n..(1)NIT\n"
        }
    }, 
    {
        "pk": 16, 
        "model": "boggle.wordlist", 
        "fields": {
            "player": 42, 
            "final_score": 0, 
            "round": 16, 
            "raw_words": ""
        }
    }, 
    {
        "pk": 17, 
        "model": "boggle.wordlist", 
        "fields": {
            "player": 42, 
            "final_score": 0, 
            "round": 17, 
            "raw_words": ""
        }
    }, 
    {
        "pk": 18, 
        "model": "boggle.wordlist", 
        "fields": {
            "player": 43, 
            "final_score": 0, 
            "round": 18, 
            "raw_words": ""
        }
    }, 
    {
        "pk": 19, 
        "model": "boggle.wordlist", 
        "fields": {
            "player": 44, 
            "final_score": 0, 
            "round": 19, 
            "raw_words": ""
        }
    }, 
    {
        "pk": 20, 
        "model": "boggle.wordlist", 
        "fields": {
            "player": 45, 
            "final_score": 0, 
            "round": 20, 
            "raw_words": ""
        }
    }, 
    {
        "pk": 21, 
        "model": "boggle.wordlist", 
        "fields": {
            "player": 46, 
            "final_score": null, 
            "round": 21, 
            "raw_words": ""
        }
    }, 
    {
        "pk": 22, 
        "model": "boggle.wordlist", 
        "fields": {
            "player": 47, 
            "final_score": null, 
            "round": 22, 
            "raw_words": ""
        }
    }, 
    {
        "pk": 23, 
        "model": "boggle.wordlist", 
        "fields": {
            "player": 54, 
            "final_score": 0, 
            "round": 23, 
            "raw_words": ""
        }
    }, 
    {
        "pk": 24, 
        "model": "boggle.wordlist", 
        "fields": {
            "player": 55, 
            "final_score": null, 
            "round": 24, 
            "raw_words": ""
        }
    }, 
    {
        "pk": 25, 
        "model": "boggle.wordlist", 
        "fields": {
            "player": 57, 
            "final_score": null, 
            "round": 25, 
            "raw_words": ""
        }
    }, 
    {
        "pk": 26, 
        "model": "boggle.wordlist", 
        "fields": {
            "player": 58, 
            "final_score": null, 
            "round": 26, 
            "raw_words": ""
        }
    }, 
    {
        "pk": 27, 
        "model": "boggle.wordlist", 
        "fields": {
            "player": 64, 
            "final_score": 0, 
            "round": 27, 
            "raw_words": ""
        }
    }, 
    {
        "pk": 28, 
        "model": "boggle.wordlist", 
        "fields": {
            "player": 65, 
            "final_score": null, 
            "round": 28, 
            "raw_words": "!.(0)NBE\n!.(0)NBNE\n!.(0)BYY\n..(1)STOT\n..(1)STY\n..(1)TOT\n..(1)TINT\n..(1)NIT\n..(1)BENE\n..(1)BET\n"
        }
    }, 
    {
        "pk": 29, 
        "model": "boggle.wordlist", 
        "fields": {
            "player": 66, 
            "final_score": null, 
            "round": 29, 
            "raw_words": "..(1)YET\n..(1)YEAH\n!.(0)NTDB\n..(2)STONE\n..(1)SOD\n..(1)DONT\n"
        }
    }, 
    {
        "pk": 30, 
        "model": "boggle.wordlist", 
        "fields": {
            "player": 67, 
            "final_score": null, 
            "round": 30, 
            "raw_words": ".!(0)WON\n.!(0)NOW\n..(1)NOW\n..(1)WON\n!.(0)WUS\n..(1)SON\n..(1)SLOW\n!.(0)SLO\n!.(0)JOHU\n.!(0)HALO\n..(1)HALO\n"
        }
    }, 
    {
        "pk": 31, 
        "model": "boggle.wordlist", 
        "fields": {
            "player": 69, 
            "final_score": 1, 
            "round": 31, 
            "raw_words": "..(1)GNAT\n!.(0)VUE\n"
        }
    }, 
    {
        "pk": 32, 
        "model": "boggle.wordlist", 
        "fields": {
            "player": 69, 
            "final_score": 3, 
            "round": 32, 
            "raw_words": "..(1)NET\n..(1)MET\n..(1)MEN\n!.(0)NOM\n"
        }
    }, 
    {
        "pk": 33, 
        "model": "boggle.wordlist", 
        "fields": {
            "player": 70, 
            "final_score": 1, 
            "round": 33, 
            "raw_words": "!.(0)PDE\n..(1)PIT\n"
        }
    }, 
    {
        "pk": 34, 
        "model": "boggle.wordlist", 
        "fields": {
            "player": 70, 
            "final_score": 1, 
            "round": 34, 
            "raw_words": "..(1)NOT\n!.(0)QUI\n"
        }
    }, 
    {
        "pk": 35, 
        "model": "boggle.wordlist", 
        "fields": {
            "player": 72, 
            "final_score": 5, 
            "round": 35, 
            "raw_words": "..(1)TIT\n..(1)KIT\n..(1)GIT\n..(1)BIM\n..(1)BAT\n"
        }
    }, 
    {
        "pk": 36, 
        "model": "boggle.wordlist", 
        "fields": {
            "player": 72, 
            "final_score": 5, 
            "round": 36, 
            "raw_words": "..(1)GIT\n..(2)NEGRO\n..(1)RIG\n..(1)FIG\n"
        }
    }, 
    {
        "pk": 37, 
        "model": "boggle.wordlist", 
        "fields": {
            "player": 73, 
            "final_score": 4, 
            "round": 37, 
            "raw_words": "..(1)TAN\n..(1)LAN\n!.(0)NAH\n.!(0)HAN\n..(1)HAN\n.!(0)HUN\n..(1)HUN\n"
        }
    }, 
    {
        "pk": 38, 
        "model": "boggle.wordlist", 
        "fields": {
            "player": 73, 
            "final_score": 2, 
            "round": 38, 
            "raw_words": "!.(0)HUDSON\n..(1)HUD\n..(1)SON\n"
        }
    }, 
    {
        "pk": 39, 
        "model": "boggle.wordlist", 
        "fields": {
            "player": 74, 
            "final_score": 6, 
            "round": 39, 
            "raw_words": "..(1)TAB\n..(1)GAB\n..(1)SLAB\n!.(0)LABS\n..(1)LAB\n..(1)SENT\n..(1)NEST\n"
        }
    }, 
    {
        "pk": 40, 
        "model": "boggle.wordlist", 
        "fields": {
            "player": 74, 
            "final_score": 0, 
            "round": 40, 
            "raw_words": "!.(0)REN\n.!(0)TEN\n..(1)TEN\n!.(0)SNIT\n"
        }
    }, 
    {
        "pk": 1, 
        "model": "auth.permission", 
        "fields": {
            "codename": "add_logentry", 
            "name": "Can add log entry", 
            "content_type": 1
        }
    }, 
    {
        "pk": 2, 
        "model": "auth.permission", 
        "fields": {
            "codename": "change_logentry", 
            "name": "Can change log entry", 
            "content_type": 1
        }
    }, 
    {
        "pk": 3, 
        "model": "auth.permission", 
        "fields": {
            "codename": "delete_logentry", 
            "name": "Can delete log entry", 
            "content_type": 1
        }
    }, 
    {
        "pk": 7, 
        "model": "auth.permission", 
        "fields": {
            "codename": "add_group", 
            "name": "Can add group", 
            "content_type": 3
        }
    }, 
    {
        "pk": 8, 
        "model": "auth.permission", 
        "fields": {
            "codename": "change_group", 
            "name": "Can change group", 
            "content_type": 3
        }
    }, 
    {
        "pk": 9, 
        "model": "auth.permission", 
        "fields": {
            "codename": "delete_group", 
            "name": "Can delete group", 
            "content_type": 3
        }
    }, 
    {
        "pk": 13, 
        "model": "auth.permission", 
        "fields": {
            "codename": "add_message", 
            "name": "Can add message", 
            "content_type": 5
        }
    }, 
    {
        "pk": 14, 
        "model": "auth.permission", 
        "fields": {
            "codename": "change_message", 
            "name": "Can change message", 
            "content_type": 5
        }
    }, 
    {
        "pk": 15, 
        "model": "auth.permission", 
        "fields": {
            "codename": "delete_message", 
            "name": "Can delete message", 
            "content_type": 5
        }
    }, 
    {
        "pk": 4, 
        "model": "auth.permission", 
        "fields": {
            "codename": "add_permission", 
            "name": "Can add permission", 
            "content_type": 2
        }
    }, 
    {
        "pk": 5, 
        "model": "auth.permission", 
        "fields": {
            "codename": "change_permission", 
            "name": "Can change permission", 
            "content_type": 2
        }
    }, 
    {
        "pk": 6, 
        "model": "auth.permission", 
        "fields": {
            "codename": "delete_permission", 
            "name": "Can delete permission", 
            "content_type": 2
        }
    }, 
    {
        "pk": 10, 
        "model": "auth.permission", 
        "fields": {
            "codename": "add_user", 
            "name": "Can add user", 
            "content_type": 4
        }
    }, 
    {
        "pk": 11, 
        "model": "auth.permission", 
        "fields": {
            "codename": "change_user", 
            "name": "Can change user", 
            "content_type": 4
        }
    }, 
    {
        "pk": 12, 
        "model": "auth.permission", 
        "fields": {
            "codename": "delete_user", 
            "name": "Can delete user", 
            "content_type": 4
        }
    }, 
    {
        "pk": 46, 
        "model": "auth.permission", 
        "fields": {
            "codename": "add_game", 
            "name": "Can add game", 
            "content_type": 16
        }
    }, 
    {
        "pk": 47, 
        "model": "auth.permission", 
        "fields": {
            "codename": "change_game", 
            "name": "Can change game", 
            "content_type": 16
        }
    }, 
    {
        "pk": 48, 
        "model": "auth.permission", 
        "fields": {
            "codename": "delete_game", 
            "name": "Can delete game", 
            "content_type": 16
        }
    }, 
    {
        "pk": 52, 
        "model": "auth.permission", 
        "fields": {
            "codename": "add_player", 
            "name": "Can add player", 
            "content_type": 18
        }
    }, 
    {
        "pk": 53, 
        "model": "auth.permission", 
        "fields": {
            "codename": "change_player", 
            "name": "Can change player", 
            "content_type": 18
        }
    }, 
    {
        "pk": 54, 
        "model": "auth.permission", 
        "fields": {
            "codename": "delete_player", 
            "name": "Can delete player", 
            "content_type": 18
        }
    }, 
    {
        "pk": 49, 
        "model": "auth.permission", 
        "fields": {
            "codename": "add_round", 
            "name": "Can add round", 
            "content_type": 17
        }
    }, 
    {
        "pk": 50, 
        "model": "auth.permission", 
        "fields": {
            "codename": "change_round", 
            "name": "Can change round", 
            "content_type": 17
        }
    }, 
    {
        "pk": 51, 
        "model": "auth.permission", 
        "fields": {
            "codename": "delete_round", 
            "name": "Can delete round", 
            "content_type": 17
        }
    }, 
    {
        "pk": 55, 
        "model": "auth.permission", 
        "fields": {
            "codename": "add_wordlist", 
            "name": "Can add word list", 
            "content_type": 19
        }
    }, 
    {
        "pk": 56, 
        "model": "auth.permission", 
        "fields": {
            "codename": "change_wordlist", 
            "name": "Can change word list", 
            "content_type": 19
        }
    }, 
    {
        "pk": 57, 
        "model": "auth.permission", 
        "fields": {
            "codename": "delete_wordlist", 
            "name": "Can delete word list", 
            "content_type": 19
        }
    }, 
    {
        "pk": 16, 
        "model": "auth.permission", 
        "fields": {
            "codename": "add_contenttype", 
            "name": "Can add content type", 
            "content_type": 6
        }
    }, 
    {
        "pk": 17, 
        "model": "auth.permission", 
        "fields": {
            "codename": "change_contenttype", 
            "name": "Can change content type", 
            "content_type": 6
        }
    }, 
    {
        "pk": 18, 
        "model": "auth.permission", 
        "fields": {
            "codename": "delete_contenttype", 
            "name": "Can delete content type", 
            "content_type": 6
        }
    }, 
    {
        "pk": 19, 
        "model": "auth.permission", 
        "fields": {
            "codename": "add_session", 
            "name": "Can add session", 
            "content_type": 7
        }
    }, 
    {
        "pk": 20, 
        "model": "auth.permission", 
        "fields": {
            "codename": "change_session", 
            "name": "Can change session", 
            "content_type": 7
        }
    }, 
    {
        "pk": 21, 
        "model": "auth.permission", 
        "fields": {
            "codename": "delete_session", 
            "name": "Can delete session", 
            "content_type": 7
        }
    }, 
    {
        "pk": 22, 
        "model": "auth.permission", 
        "fields": {
            "codename": "add_site", 
            "name": "Can add site", 
            "content_type": 8
        }
    }, 
    {
        "pk": 23, 
        "model": "auth.permission", 
        "fields": {
            "codename": "change_site", 
            "name": "Can change site", 
            "content_type": 8
        }
    }, 
    {
        "pk": 24, 
        "model": "auth.permission", 
        "fields": {
            "codename": "delete_site", 
            "name": "Can delete site", 
            "content_type": 8
        }
    }, 
    {
        "pk": 58, 
        "model": "auth.permission", 
        "fields": {
            "codename": "add_data", 
            "name": "Can add data", 
            "content_type": 20
        }
    }, 
    {
        "pk": 59, 
        "model": "auth.permission", 
        "fields": {
            "codename": "change_data", 
            "name": "Can change data", 
            "content_type": 20
        }
    }, 
    {
        "pk": 60, 
        "model": "auth.permission", 
        "fields": {
            "codename": "delete_data", 
            "name": "Can delete data", 
            "content_type": 20
        }
    }, 
    {
        "pk": 28, 
        "model": "auth.permission", 
        "fields": {
            "codename": "add_group", 
            "name": "Can add group", 
            "content_type": 10
        }
    }, 
    {
        "pk": 29, 
        "model": "auth.permission", 
        "fields": {
            "codename": "change_group", 
            "name": "Can change group", 
            "content_type": 10
        }
    }, 
    {
        "pk": 30, 
        "model": "auth.permission", 
        "fields": {
            "codename": "delete_group", 
            "name": "Can delete group", 
            "content_type": 10
        }
    }, 
    {
        "pk": 37, 
        "model": "auth.permission", 
        "fields": {
            "codename": "add_stage", 
            "name": "Can add stage", 
            "content_type": 13
        }
    }, 
    {
        "pk": 38, 
        "model": "auth.permission", 
        "fields": {
            "codename": "change_stage", 
            "name": "Can change stage", 
            "content_type": 13
        }
    }, 
    {
        "pk": 39, 
        "model": "auth.permission", 
        "fields": {
            "codename": "delete_stage", 
            "name": "Can delete stage", 
            "content_type": 13
        }
    }, 
    {
        "pk": 40, 
        "model": "auth.permission", 
        "fields": {
            "codename": "add_stagegroup", 
            "name": "Can add stage group", 
            "content_type": 14
        }
    }, 
    {
        "pk": 41, 
        "model": "auth.permission", 
        "fields": {
            "codename": "change_stagegroup", 
            "name": "Can change stage group", 
            "content_type": 14
        }
    }, 
    {
        "pk": 42, 
        "model": "auth.permission", 
        "fields": {
            "codename": "delete_stagegroup", 
            "name": "Can delete stage group", 
            "content_type": 14
        }
    }, 
    {
        "pk": 25, 
        "model": "auth.permission", 
        "fields": {
            "codename": "add_study", 
            "name": "Can add study", 
            "content_type": 9
        }
    }, 
    {
        "pk": 26, 
        "model": "auth.permission", 
        "fields": {
            "codename": "change_study", 
            "name": "Can change study", 
            "content_type": 9
        }
    }, 
    {
        "pk": 27, 
        "model": "auth.permission", 
        "fields": {
            "codename": "delete_study", 
            "name": "Can delete study", 
            "content_type": 9
        }
    }, 
    {
        "pk": 31, 
        "model": "auth.permission", 
        "fields": {
            "codename": "add_studyinvestigator", 
            "name": "Can add study investigator", 
            "content_type": 11
        }
    }, 
    {
        "pk": 32, 
        "model": "auth.permission", 
        "fields": {
            "codename": "change_studyinvestigator", 
            "name": "Can change study investigator", 
            "content_type": 11
        }
    }, 
    {
        "pk": 33, 
        "model": "auth.permission", 
        "fields": {
            "codename": "delete_studyinvestigator", 
            "name": "Can delete study investigator", 
            "content_type": 11
        }
    }, 
    {
        "pk": 34, 
        "model": "auth.permission", 
        "fields": {
            "codename": "add_studyparticipant", 
            "name": "Can add study participant", 
            "content_type": 12
        }
    }, 
    {
        "pk": 35, 
        "model": "auth.permission", 
        "fields": {
            "codename": "change_studyparticipant", 
            "name": "Can change study participant", 
            "content_type": 12
        }
    }, 
    {
        "pk": 36, 
        "model": "auth.permission", 
        "fields": {
            "codename": "delete_studyparticipant", 
            "name": "Can delete study participant", 
            "content_type": 12
        }
    }, 
    {
        "pk": 43, 
        "model": "auth.permission", 
        "fields": {
            "codename": "add_userstage", 
            "name": "Can add user stage", 
            "content_type": 15
        }
    }, 
    {
        "pk": 44, 
        "model": "auth.permission", 
        "fields": {
            "codename": "change_userstage", 
            "name": "Can change user stage", 
            "content_type": 15
        }
    }, 
    {
        "pk": 45, 
        "model": "auth.permission", 
        "fields": {
            "codename": "delete_userstage", 
            "name": "Can delete user stage", 
            "content_type": 15
        }
    }, 
    {
        "pk": 201, 
        "model": "admin.logentry", 
        "fields": {
            "action_flag": 2, 
            "action_time": "2010-08-04 15:24:37", 
            "object_repr": "john - Informed Consent (1)", 
            "object_id": "1", 
            "change_message": "Changed start_date and last_session_completed.", 
            "user": 1, 
            "content_type": 15
        }
    }, 
    {
        "pk": 200, 
        "model": "admin.logentry", 
        "fields": {
            "action_flag": 1, 
            "action_time": "2010-08-04 15:04:52", 
            "object_repr": "velian - Board Games and Mental Fitness (Participant)", 
            "object_id": "3", 
            "change_message": "", 
            "user": 1, 
            "content_type": 12
        }
    }, 
    {
        "pk": 199, 
        "model": "admin.logentry", 
        "fields": {
            "action_flag": 1, 
            "action_time": "2010-08-04 15:04:40", 
            "object_repr": "mary - Board Games and Mental Fitness (Participant)", 
            "object_id": "2", 
            "change_message": "", 
            "user": 1, 
            "content_type": 12
        }
    }, 
    {
        "pk": 198, 
        "model": "admin.logentry", 
        "fields": {
            "action_flag": 1, 
            "action_time": "2010-08-04 15:04:32", 
            "object_repr": "john - Board Games and Mental Fitness (Participant)", 
            "object_id": "1", 
            "change_message": "", 
            "user": 1, 
            "content_type": 12
        }
    }, 
    {
        "pk": 197, 
        "model": "admin.logentry", 
        "fields": {
            "action_flag": 3, 
            "action_time": "2010-08-04 15:03:59", 
            "object_repr": "john - Board Games and Mental Fitness (Participant)", 
            "object_id": "1", 
            "change_message": "", 
            "user": 1, 
            "content_type": 12
        }
    }, 
    {
        "pk": 196, 
        "model": "admin.logentry", 
        "fields": {
            "action_flag": 3, 
            "action_time": "2010-08-04 15:03:59", 
            "object_repr": "mary - Board Games and Mental Fitness (Participant)", 
            "object_id": "2", 
            "change_message": "", 
            "user": 1, 
            "content_type": 12
        }
    }, 
    {
        "pk": 195, 
        "model": "admin.logentry", 
        "fields": {
            "action_flag": 3, 
            "action_time": "2010-08-04 15:03:59", 
            "object_repr": "velian - Board Games and Mental Fitness (Participant)", 
            "object_id": "3", 
            "change_message": "", 
            "user": 1, 
            "content_type": 12
        }
    }, 
    {
        "pk": 194, 
        "model": "admin.logentry", 
        "fields": {
            "action_flag": 3, 
            "action_time": "2010-08-04 15:03:48", 
            "object_repr": "john - Informed Consent (1)", 
            "object_id": "1", 
            "change_message": "", 
            "user": 1, 
            "content_type": 15
        }
    }, 
    {
        "pk": 193, 
        "model": "admin.logentry", 
        "fields": {
            "action_flag": 3, 
            "action_time": "2010-08-04 15:03:48", 
            "object_repr": "john - Playing Board Games (2)", 
            "object_id": "2", 
            "change_message": "", 
            "user": 1, 
            "content_type": 15
        }
    }, 
    {
        "pk": 192, 
        "model": "admin.logentry", 
        "fields": {
            "action_flag": 3, 
            "action_time": "2010-08-04 15:03:48", 
            "object_repr": "john - Debriefing (3)", 
            "object_id": "3", 
            "change_message": "", 
            "user": 1, 
            "content_type": 15
        }
    }, 
    {
        "pk": 191, 
        "model": "admin.logentry", 
        "fields": {
            "action_flag": 3, 
            "action_time": "2010-08-04 15:03:48", 
            "object_repr": "mary - Informed Consent (1)", 
            "object_id": "4", 
            "change_message": "", 
            "user": 1, 
            "content_type": 15
        }
    }, 
    {
        "pk": 190, 
        "model": "admin.logentry", 
        "fields": {
            "action_flag": 3, 
            "action_time": "2010-08-04 15:03:48", 
            "object_repr": "mary - Playing Board Games (2)", 
            "object_id": "5", 
            "change_message": "", 
            "user": 1, 
            "content_type": 15
        }
    }, 
    {
        "pk": 189, 
        "model": "admin.logentry", 
        "fields": {
            "action_flag": 3, 
            "action_time": "2010-08-04 15:03:48", 
            "object_repr": "mary - Debriefing (3)", 
            "object_id": "6", 
            "change_message": "", 
            "user": 1, 
            "content_type": 15
        }
    }, 
    {
        "pk": 188, 
        "model": "admin.logentry", 
        "fields": {
            "action_flag": 3, 
            "action_time": "2010-08-04 15:03:48", 
            "object_repr": "velian - Informed Consent (1)", 
            "object_id": "7", 
            "change_message": "", 
            "user": 1, 
            "content_type": 15
        }
    }, 
    {
        "pk": 187, 
        "model": "admin.logentry", 
        "fields": {
            "action_flag": 3, 
            "action_time": "2010-08-04 15:03:48", 
            "object_repr": "velian - Playing Board Games (2)", 
            "object_id": "8", 
            "change_message": "", 
            "user": 1, 
            "content_type": 15
        }
    }, 
    {
        "pk": 186, 
        "model": "admin.logentry", 
        "fields": {
            "action_flag": 3, 
            "action_time": "2010-08-04 15:03:48", 
            "object_repr": "velian - Debriefing (3)", 
            "object_id": "9", 
            "change_message": "", 
            "user": 1, 
            "content_type": 15
        }
    }, 
    {
        "pk": 185, 
        "model": "admin.logentry", 
        "fields": {
            "action_flag": 2, 
            "action_time": "2010-08-04 15:02:58", 
            "object_repr": "john - Informed Consent (1)", 
            "object_id": "1", 
            "change_message": "Changed end_date, sessions_completed and last_session_completed.", 
            "user": 1, 
            "content_type": 15
        }
    }, 
    {
        "pk": 184, 
        "model": "admin.logentry", 
        "fields": {
            "action_flag": 2, 
            "action_time": "2010-08-04 15:02:39", 
            "object_repr": "john - Playing Board Games (2)", 
            "object_id": "2", 
            "change_message": "Changed status and start_date.", 
            "user": 1, 
            "content_type": 15
        }
    }, 
    {
        "pk": 183, 
        "model": "admin.logentry", 
        "fields": {
            "action_flag": 2, 
            "action_time": "2010-08-04 14:59:26", 
            "object_repr": "mary - Playing Board Games (2)", 
            "object_id": "5", 
            "change_message": "Changed last_session_completed.", 
            "user": 1, 
            "content_type": 15
        }
    }, 
    {
        "pk": 182, 
        "model": "admin.logentry", 
        "fields": {
            "action_flag": 2, 
            "action_time": "2010-08-04 14:51:50", 
            "object_repr": "john - Playing Board Games (2)", 
            "object_id": "2", 
            "change_message": "Changed stage.", 
            "user": 1, 
            "content_type": 15
        }
    }, 
    {
        "pk": 181, 
        "model": "admin.logentry", 
        "fields": {
            "action_flag": 2, 
            "action_time": "2010-08-04 14:51:45", 
            "object_repr": "mary - Playing Board Games (2)", 
            "object_id": "5", 
            "change_message": "Changed stage.", 
            "user": 1, 
            "content_type": 15
        }
    }, 
    {
        "pk": 180, 
        "model": "admin.logentry", 
        "fields": {
            "action_flag": 2, 
            "action_time": "2010-08-04 14:51:40", 
            "object_repr": "velian - Playing Board Games (2)", 
            "object_id": "8", 
            "change_message": "Changed stage.", 
            "user": 1, 
            "content_type": 15
        }
    }, 
    {
        "pk": 179, 
        "model": "admin.logentry", 
        "fields": {
            "action_flag": 2, 
            "action_time": "2010-08-04 14:50:42", 
            "object_repr": "Playing Board Games - Board Games and Mental Fitness - Board Games (2)", 
            "object_id": "5", 
            "change_message": "Changed group.", 
            "user": 1, 
            "content_type": 14
        }
    }, 
    {
        "pk": 178, 
        "model": "admin.logentry", 
        "fields": {
            "action_flag": 2, 
            "action_time": "2010-08-04 14:50:33", 
            "object_repr": "Mental Fitness Training - Board Games and Mental Fitness - Mental Fitness (2)", 
            "object_id": "2", 
            "change_message": "Changed group.", 
            "user": 1, 
            "content_type": 14
        }
    }, 
    {
        "pk": 177, 
        "model": "admin.logentry", 
        "fields": {
            "action_flag": 2, 
            "action_time": "2010-08-04 14:18:28", 
            "object_repr": "Informed Consent", 
            "object_id": "1", 
            "change_message": "Changed sessions.", 
            "user": 1, 
            "content_type": 13
        }
    }, 
    {
        "pk": 176, 
        "model": "admin.logentry", 
        "fields": {
            "action_flag": 2, 
            "action_time": "2010-08-04 14:18:19", 
            "object_repr": "Debriefing", 
            "object_id": "2", 
            "change_message": "Changed description and instructions.", 
            "user": 1, 
            "content_type": 13
        }
    }, 
    {
        "pk": 175, 
        "model": "admin.logentry", 
        "fields": {
            "action_flag": 2, 
            "action_time": "2010-08-04 14:16:37", 
            "object_repr": "Mental Fitness Training", 
            "object_id": "3", 
            "change_message": "Changed description and instructions.", 
            "user": 1, 
            "content_type": 13
        }
    }, 
    {
        "pk": 174, 
        "model": "admin.logentry", 
        "fields": {
            "action_flag": 2, 
            "action_time": "2010-08-04 14:15:54", 
            "object_repr": "Playing Board Games", 
            "object_id": "4", 
            "change_message": "No fields changed.", 
            "user": 1, 
            "content_type": 13
        }
    }, 
    {
        "pk": 173, 
        "model": "admin.logentry", 
        "fields": {
            "action_flag": 2, 
            "action_time": "2010-08-04 14:15:43", 
            "object_repr": "Informed Consent", 
            "object_id": "1", 
            "change_message": "Changed description and instructions.", 
            "user": 1, 
            "content_type": 13
        }
    }, 
    {
        "pk": 172, 
        "model": "admin.logentry", 
        "fields": {
            "action_flag": 2, 
            "action_time": "2010-08-04 14:13:58", 
            "object_repr": "Informed Consent", 
            "object_id": "1", 
            "change_message": "Changed url.", 
            "user": 1, 
            "content_type": 13
        }
    }, 
    {
        "pk": 171, 
        "model": "admin.logentry", 
        "fields": {
            "action_flag": 1, 
            "action_time": "2010-08-04 14:11:07", 
            "object_repr": "velian - Board Games and Mental Fitness (Participant)", 
            "object_id": "3", 
            "change_message": "", 
            "user": 1, 
            "content_type": 12
        }
    }, 
    {
        "pk": 170, 
        "model": "admin.logentry", 
        "fields": {
            "action_flag": 1, 
            "action_time": "2010-08-04 14:09:28", 
            "object_repr": "mary - Board Games and Mental Fitness (Participant)", 
            "object_id": "2", 
            "change_message": "", 
            "user": 1, 
            "content_type": 12
        }
    }, 
    {
        "pk": 169, 
        "model": "admin.logentry", 
        "fields": {
            "action_flag": 1, 
            "action_time": "2010-08-04 14:09:12", 
            "object_repr": "john - Board Games and Mental Fitness (Participant)", 
            "object_id": "1", 
            "change_message": "", 
            "user": 1, 
            "content_type": 12
        }
    }, 
    {
        "pk": 168, 
        "model": "admin.logentry", 
        "fields": {
            "action_flag": 2, 
            "action_time": "2010-08-04 14:08:27", 
            "object_repr": "mary", 
            "object_id": "5", 
            "change_message": "Changed first_name, last_name and email.", 
            "user": 1, 
            "content_type": 4
        }
    }, 
    {
        "pk": 167, 
        "model": "admin.logentry", 
        "fields": {
            "action_flag": 1, 
            "action_time": "2010-08-04 14:08:03", 
            "object_repr": "mary", 
            "object_id": "5", 
            "change_message": "", 
            "user": 1, 
            "content_type": 4
        }
    }, 
    {
        "pk": 166, 
        "model": "admin.logentry", 
        "fields": {
            "action_flag": 2, 
            "action_time": "2010-08-04 14:07:46", 
            "object_repr": "john", 
            "object_id": "4", 
            "change_message": "Changed first_name, last_name and email.", 
            "user": 1, 
            "content_type": 4
        }
    }, 
    {
        "pk": 165, 
        "model": "admin.logentry", 
        "fields": {
            "action_flag": 1, 
            "action_time": "2010-08-04 14:07:30", 
            "object_repr": "john", 
            "object_id": "4", 
            "change_message": "", 
            "user": 1, 
            "content_type": 4
        }
    }, 
    {
        "pk": 164, 
        "model": "admin.logentry", 
        "fields": {
            "action_flag": 3, 
            "action_time": "2010-08-04 14:07:07", 
            "object_repr": "party", 
            "object_id": "2", 
            "change_message": "", 
            "user": 1, 
            "content_type": 4
        }
    }, 
    {
        "pk": 163, 
        "model": "admin.logentry", 
        "fields": {
            "action_flag": 3, 
            "action_time": "2010-08-04 14:06:40", 
            "object_repr": "party - Board Games and Mental Fitness (Participant)", 
            "object_id": "1", 
            "change_message": "", 
            "user": 1, 
            "content_type": 12
        }
    }, 
    {
        "pk": 162, 
        "model": "admin.logentry", 
        "fields": {
            "action_flag": 3, 
            "action_time": "2010-08-04 14:06:40", 
            "object_repr": "velian - Board Games and Mental Fitness (Participant)", 
            "object_id": "2", 
            "change_message": "", 
            "user": 1, 
            "content_type": 12
        }
    }, 
    {
        "pk": 161, 
        "model": "admin.logentry", 
        "fields": {
            "action_flag": 3, 
            "action_time": "2010-08-04 14:06:19", 
            "object_repr": "party - Informed Consent (1)", 
            "object_id": "1", 
            "change_message": "", 
            "user": 1, 
            "content_type": 15
        }
    }, 
    {
        "pk": 160, 
        "model": "admin.logentry", 
        "fields": {
            "action_flag": 3, 
            "action_time": "2010-08-04 14:06:19", 
            "object_repr": "party - Mental Fitness Training (2)", 
            "object_id": "2", 
            "change_message": "", 
            "user": 1, 
            "content_type": 15
        }
    }, 
    {
        "pk": 159, 
        "model": "admin.logentry", 
        "fields": {
            "action_flag": 3, 
            "action_time": "2010-08-04 14:06:19", 
            "object_repr": "party - Debriefing (3)", 
            "object_id": "3", 
            "change_message": "", 
            "user": 1, 
            "content_type": 15
        }
    }, 
    {
        "pk": 158, 
        "model": "admin.logentry", 
        "fields": {
            "action_flag": 3, 
            "action_time": "2010-08-04 14:06:19", 
            "object_repr": "velian - Informed Consent (1)", 
            "object_id": "4", 
            "change_message": "", 
            "user": 1, 
            "content_type": 15
        }
    }, 
    {
        "pk": 157, 
        "model": "admin.logentry", 
        "fields": {
            "action_flag": 3, 
            "action_time": "2010-08-04 14:06:19", 
            "object_repr": "velian - Playing Board Games (2)", 
            "object_id": "5", 
            "change_message": "", 
            "user": 1, 
            "content_type": 15
        }
    }, 
    {
        "pk": 156, 
        "model": "admin.logentry", 
        "fields": {
            "action_flag": 3, 
            "action_time": "2010-08-04 14:06:19", 
            "object_repr": "velian - Debriefing (3)", 
            "object_id": "6", 
            "change_message": "", 
            "user": 1, 
            "content_type": 15
        }
    }, 
    {
        "pk": 155, 
        "model": "admin.logentry", 
        "fields": {
            "action_flag": 3, 
            "action_time": "2010-08-04 14:06:02", 
            "object_repr": "2,1,1,2,2010,8,3,17,46,36,265,Consent given,CON", 
            "object_id": "4", 
            "change_message": "", 
            "user": 1, 
            "content_type": 20
        }
    }, 
    {
        "pk": 154, 
        "model": "admin.logentry", 
        "fields": {
            "action_flag": 3, 
            "action_time": "2010-08-04 14:06:02", 
            "object_repr": "2,1,1,2,2010,8,3,17,46,36,322,session completed,ssc", 
            "object_id": "5", 
            "change_message": "", 
            "user": 1, 
            "content_type": 20
        }
    }, 
    {
        "pk": 153, 
        "model": "admin.logentry", 
        "fields": {
            "action_flag": 3, 
            "action_time": "2010-08-04 14:06:02", 
            "object_repr": "2,1,1,3,2010,8,3,17,46,50,716,Consent given,CON", 
            "object_id": "6", 
            "change_message": "", 
            "user": 1, 
            "content_type": 20
        }
    }, 
    {
        "pk": 152, 
        "model": "admin.logentry", 
        "fields": {
            "action_flag": 3, 
            "action_time": "2010-08-04 14:06:02", 
            "object_repr": "2,1,1,3,2010,8,3,17,46,51,125,session completed,ssc", 
            "object_id": "7", 
            "change_message": "", 
            "user": 1, 
            "content_type": 20
        }
    }, 
    {
        "pk": 151, 
        "model": "admin.logentry", 
        "fields": {
            "action_flag": 3, 
            "action_time": "2010-08-04 14:06:02", 
            "object_repr": "1,1,2,1,2010,8,4,11,56,3,270,VUE,0,bog", 
            "object_id": "8", 
            "change_message": "", 
            "user": 1, 
            "content_type": 20
        }
    }, 
    {
        "pk": 150, 
        "model": "admin.logentry", 
        "fields": {
            "action_flag": 3, 
            "action_time": "2010-08-04 14:06:02", 
            "object_repr": "1,1,2,1,2010,8,4,11,56,10,844,GNAT,1,bog", 
            "object_id": "9", 
            "change_message": "", 
            "user": 1, 
            "content_type": 20
        }
    }, 
    {
        "pk": 149, 
        "model": "admin.logentry", 
        "fields": {
            "action_flag": 3, 
            "action_time": "2010-08-04 14:06:02", 
            "object_repr": "1,1,2,1,2010,8,4,11,59,16,868,NOM,0,bog", 
            "object_id": "10", 
            "change_message": "", 
            "user": 1, 
            "content_type": 20
        }
    }, 
    {
        "pk": 148, 
        "model": "admin.logentry", 
        "fields": {
            "action_flag": 3, 
            "action_time": "2010-08-04 14:06:02", 
            "object_repr": "1,1,2,1,2010,8,4,11,59,20,863,MEN,1,bog", 
            "object_id": "11", 
            "change_message": "", 
            "user": 1, 
            "content_type": 20
        }
    }, 
    {
        "pk": 147, 
        "model": "admin.logentry", 
        "fields": {
            "action_flag": 3, 
            "action_time": "2010-08-04 14:06:02", 
            "object_repr": "1,1,2,1,2010,8,4,11,59,22,471,MET,1,bog", 
            "object_id": "12", 
            "change_message": "", 
            "user": 1, 
            "content_type": 20
        }
    }, 
    {
        "pk": 146, 
        "model": "admin.logentry", 
        "fields": {
            "action_flag": 3, 
            "action_time": "2010-08-04 14:06:02", 
            "object_repr": "1,1,2,1,2010,8,4,11,59,25,78,NET,1,bog", 
            "object_id": "13", 
            "change_message": "", 
            "user": 1, 
            "content_type": 20
        }
    }, 
    {
        "pk": 145, 
        "model": "admin.logentry", 
        "fields": {
            "action_flag": 3, 
            "action_time": "2010-08-04 14:06:02", 
            "object_repr": "1,1,2,1,2010,8,4,13,44,52,292,PIT,1,bog", 
            "object_id": "14", 
            "change_message": "", 
            "user": 1, 
            "content_type": 20
        }
    }, 
    {
        "pk": 144, 
        "model": "admin.logentry", 
        "fields": {
            "action_flag": 3, 
            "action_time": "2010-08-04 14:06:02", 
            "object_repr": "1,1,2,1,2010,8,4,13,44,54,561,PDE,0,bog", 
            "object_id": "15", 
            "change_message": "", 
            "user": 1, 
            "content_type": 20
        }
    }, 
    {
        "pk": 143, 
        "model": "admin.logentry", 
        "fields": {
            "action_flag": 3, 
            "action_time": "2010-08-04 14:06:02", 
            "object_repr": "1,1,2,1,2010,8,4,13,45,35,696,QuI,0,bog", 
            "object_id": "16", 
            "change_message": "", 
            "user": 1, 
            "content_type": 20
        }
    }, 
    {
        "pk": 142, 
        "model": "admin.logentry", 
        "fields": {
            "action_flag": 3, 
            "action_time": "2010-08-04 14:06:02", 
            "object_repr": "1,1,2,1,2010,8,4,13,45,38,489,NOT,1,bog", 
            "object_id": "17", 
            "change_message": "", 
            "user": 1, 
            "content_type": 20
        }
    }, 
    {
        "pk": 141, 
        "model": "admin.logentry", 
        "fields": {
            "action_flag": 3, 
            "action_time": "2010-08-04 14:06:02", 
            "object_repr": "1,1,2,1,2010,8,4,13,46,23,821,BAT,1,bog", 
            "object_id": "18", 
            "change_message": "", 
            "user": 1, 
            "content_type": 20
        }
    }, 
    {
        "pk": 140, 
        "model": "admin.logentry", 
        "fields": {
            "action_flag": 3, 
            "action_time": "2010-08-04 14:06:02", 
            "object_repr": "1,1,2,1,2010,8,4,13,46,31,607,BIM,1,bog", 
            "object_id": "19", 
            "change_message": "", 
            "user": 1, 
            "content_type": 20
        }
    }, 
    {
        "pk": 139, 
        "model": "admin.logentry", 
        "fields": {
            "action_flag": 3, 
            "action_time": "2010-08-04 14:06:02", 
            "object_repr": "1,1,2,1,2010,8,4,13,46,34,997,GIT,1,bog", 
            "object_id": "20", 
            "change_message": "", 
            "user": 1, 
            "content_type": 20
        }
    }, 
    {
        "pk": 138, 
        "model": "admin.logentry", 
        "fields": {
            "action_flag": 3, 
            "action_time": "2010-08-04 14:06:02", 
            "object_repr": "1,1,2,1,2010,8,4,13,46,36,685,KIT,1,bog", 
            "object_id": "21", 
            "change_message": "", 
            "user": 1, 
            "content_type": 20
        }
    }, 
    {
        "pk": 137, 
        "model": "admin.logentry", 
        "fields": {
            "action_flag": 3, 
            "action_time": "2010-08-04 14:06:02", 
            "object_repr": "1,1,2,1,2010,8,4,13,46,44,920,TIT,1,bog", 
            "object_id": "22", 
            "change_message": "", 
            "user": 1, 
            "content_type": 20
        }
    }, 
    {
        "pk": 136, 
        "model": "admin.logentry", 
        "fields": {
            "action_flag": 3, 
            "action_time": "2010-08-04 14:06:02", 
            "object_repr": "1,1,2,1,2010,8,4,13,47,0,175,FIG,1,bog", 
            "object_id": "23", 
            "change_message": "", 
            "user": 1, 
            "content_type": 20
        }
    }, 
    {
        "pk": 135, 
        "model": "admin.logentry", 
        "fields": {
            "action_flag": 3, 
            "action_time": "2010-08-04 14:06:02", 
            "object_repr": "1,1,2,1,2010,8,4,13,47,2,84,RIG,1,bog", 
            "object_id": "24", 
            "change_message": "", 
            "user": 1, 
            "content_type": 20
        }
    }, 
    {
        "pk": 134, 
        "model": "admin.logentry", 
        "fields": {
            "action_flag": 3, 
            "action_time": "2010-08-04 14:06:02", 
            "object_repr": "1,1,2,1,2010,8,4,13,47,16,767,GIT,1,bog", 
            "object_id": "26", 
            "change_message": "", 
            "user": 1, 
            "content_type": 20
        }
    }, 
    {
        "pk": 133, 
        "model": "admin.logentry", 
        "fields": {
            "action_flag": 3, 
            "action_time": "2010-08-04 14:06:02", 
            "object_repr": "1,1,2,1,2010,8,4,13,47,29,570,session completed,ssc", 
            "object_id": "27", 
            "change_message": "", 
            "user": 1, 
            "content_type": 20
        }
    }, 
    {
        "pk": 132, 
        "model": "admin.logentry", 
        "fields": {
            "action_flag": 3, 
            "action_time": "2010-08-04 14:06:02", 
            "object_repr": "1,1,2,2,2010,8,4,13,48,45,700,HUN,1,bog", 
            "object_id": "28", 
            "change_message": "", 
            "user": 1, 
            "content_type": 20
        }
    }, 
    {
        "pk": 131, 
        "model": "admin.logentry", 
        "fields": {
            "action_flag": 3, 
            "action_time": "2010-08-04 14:06:02", 
            "object_repr": "1,1,2,2,2010,8,4,13,48,47,704,HUN,0,bog", 
            "object_id": "29", 
            "change_message": "", 
            "user": 1, 
            "content_type": 20
        }
    }, 
    {
        "pk": 130, 
        "model": "admin.logentry", 
        "fields": {
            "action_flag": 3, 
            "action_time": "2010-08-04 14:06:02", 
            "object_repr": "1,1,2,2,2010,8,4,13,48,49,540,HAN,1,bog", 
            "object_id": "30", 
            "change_message": "", 
            "user": 1, 
            "content_type": 20
        }
    }, 
    {
        "pk": 129, 
        "model": "admin.logentry", 
        "fields": {
            "action_flag": 3, 
            "action_time": "2010-08-04 14:06:02", 
            "object_repr": "1,1,2,2,2010,8,4,13,48,51,724,HAN,0,bog", 
            "object_id": "31", 
            "change_message": "", 
            "user": 1, 
            "content_type": 20
        }
    }, 
    {
        "pk": 128, 
        "model": "admin.logentry", 
        "fields": {
            "action_flag": 3, 
            "action_time": "2010-08-04 14:06:02", 
            "object_repr": "1,1,2,2,2010,8,4,13,48,54,695,NAH,0,bog", 
            "object_id": "32", 
            "change_message": "", 
            "user": 1, 
            "content_type": 20
        }
    }, 
    {
        "pk": 127, 
        "model": "admin.logentry", 
        "fields": {
            "action_flag": 3, 
            "action_time": "2010-08-04 14:06:02", 
            "object_repr": "1,1,2,2,2010,8,4,13,48,57,955,LAN,1,bog", 
            "object_id": "33", 
            "change_message": "", 
            "user": 1, 
            "content_type": 20
        }
    }, 
    {
        "pk": 126, 
        "model": "admin.logentry", 
        "fields": {
            "action_flag": 3, 
            "action_time": "2010-08-04 14:06:02", 
            "object_repr": "1,1,2,2,2010,8,4,13,49,4,876,TAN,1,bog", 
            "object_id": "34", 
            "change_message": "", 
            "user": 1, 
            "content_type": 20
        }
    }, 
    {
        "pk": 125, 
        "model": "admin.logentry", 
        "fields": {
            "action_flag": 3, 
            "action_time": "2010-08-04 14:06:02", 
            "object_repr": "1,1,2,2,2010,8,4,13,49,11,834,SON,1,bog", 
            "object_id": "35", 
            "change_message": "", 
            "user": 1, 
            "content_type": 20
        }
    }, 
    {
        "pk": 124, 
        "model": "admin.logentry", 
        "fields": {
            "action_flag": 3, 
            "action_time": "2010-08-04 14:06:02", 
            "object_repr": "1,1,2,2,2010,8,4,13,49,19,389,HUD,1,bog", 
            "object_id": "36", 
            "change_message": "", 
            "user": 1, 
            "content_type": 20
        }
    }, 
    {
        "pk": 123, 
        "model": "admin.logentry", 
        "fields": {
            "action_flag": 3, 
            "action_time": "2010-08-04 14:06:02", 
            "object_repr": "1,1,2,2,2010,8,4,13,49,23,726,HUDSON,0,bog", 
            "object_id": "37", 
            "change_message": "", 
            "user": 1, 
            "content_type": 20
        }
    }, 
    {
        "pk": 122, 
        "model": "admin.logentry", 
        "fields": {
            "action_flag": 3, 
            "action_time": "2010-08-04 14:06:02", 
            "object_repr": "1,1,2,2,2010,8,4,13,49,42,571,session completed,ssc", 
            "object_id": "38", 
            "change_message": "", 
            "user": 1, 
            "content_type": 20
        }
    }, 
    {
        "pk": 121, 
        "model": "admin.logentry", 
        "fields": {
            "action_flag": 3, 
            "action_time": "2010-08-04 14:06:02", 
            "object_repr": "1,1,2,3,2010,8,4,13,50,46,800,NEST,1,bog", 
            "object_id": "39", 
            "change_message": "", 
            "user": 1, 
            "content_type": 20
        }
    }, 
    {
        "pk": 120, 
        "model": "admin.logentry", 
        "fields": {
            "action_flag": 3, 
            "action_time": "2010-08-04 14:06:02", 
            "object_repr": "1,1,2,3,2010,8,4,13,50,50,699,SENT,1,bog", 
            "object_id": "40", 
            "change_message": "", 
            "user": 1, 
            "content_type": 20
        }
    }, 
    {
        "pk": 119, 
        "model": "admin.logentry", 
        "fields": {
            "action_flag": 3, 
            "action_time": "2010-08-04 14:06:02", 
            "object_repr": "1,1,2,3,2010,8,4,13,50,59,288,LAB,1,bog", 
            "object_id": "41", 
            "change_message": "", 
            "user": 1, 
            "content_type": 20
        }
    }, 
    {
        "pk": 118, 
        "model": "admin.logentry", 
        "fields": {
            "action_flag": 3, 
            "action_time": "2010-08-04 14:06:02", 
            "object_repr": "1,1,2,3,2010,8,4,13,51,1,441,LABS,0,bog", 
            "object_id": "42", 
            "change_message": "", 
            "user": 1, 
            "content_type": 20
        }
    }, 
    {
        "pk": 117, 
        "model": "admin.logentry", 
        "fields": {
            "action_flag": 3, 
            "action_time": "2010-08-04 14:06:02", 
            "object_repr": "1,1,2,3,2010,8,4,13,51,3,590,SLAB,1,bog", 
            "object_id": "43", 
            "change_message": "", 
            "user": 1, 
            "content_type": 20
        }
    }, 
    {
        "pk": 116, 
        "model": "admin.logentry", 
        "fields": {
            "action_flag": 3, 
            "action_time": "2010-08-04 14:06:02", 
            "object_repr": "1,1,2,3,2010,8,4,13,51,9,427,GAB,1,bog", 
            "object_id": "44", 
            "change_message": "", 
            "user": 1, 
            "content_type": 20
        }
    }, 
    {
        "pk": 115, 
        "model": "admin.logentry", 
        "fields": {
            "action_flag": 3, 
            "action_time": "2010-08-04 14:06:02", 
            "object_repr": "1,1,2,3,2010,8,4,13,51,11,694,TAB,1,bog", 
            "object_id": "45", 
            "change_message": "", 
            "user": 1, 
            "content_type": 20
        }
    }, 
    {
        "pk": 114, 
        "model": "admin.logentry", 
        "fields": {
            "action_flag": 3, 
            "action_time": "2010-08-04 14:06:02", 
            "object_repr": "1,1,2,3,2010,8,4,13,51,26,711,SNIT,0,bog", 
            "object_id": "46", 
            "change_message": "", 
            "user": 1, 
            "content_type": 20
        }
    }, 
    {
        "pk": 113, 
        "model": "admin.logentry", 
        "fields": {
            "action_flag": 3, 
            "action_time": "2010-08-04 14:06:02", 
            "object_repr": "1,1,2,3,2010,8,4,13,51,35,507,TEN,1,bog", 
            "object_id": "47", 
            "change_message": "", 
            "user": 1, 
            "content_type": 20
        }
    }, 
    {
        "pk": 112, 
        "model": "admin.logentry", 
        "fields": {
            "action_flag": 3, 
            "action_time": "2010-08-04 14:06:02", 
            "object_repr": "1,1,2,3,2010,8,4,13,51,37,478,TEN,0,bog", 
            "object_id": "48", 
            "change_message": "", 
            "user": 1, 
            "content_type": 20
        }
    }, 
    {
        "pk": 111, 
        "model": "admin.logentry", 
        "fields": {
            "action_flag": 3, 
            "action_time": "2010-08-04 14:06:02", 
            "object_repr": "1,1,2,3,2010,8,4,13,51,44,719,REN,0,bog", 
            "object_id": "49", 
            "change_message": "", 
            "user": 1, 
            "content_type": 20
        }
    }, 
    {
        "pk": 110, 
        "model": "admin.logentry", 
        "fields": {
            "action_flag": 3, 
            "action_time": "2010-08-04 14:06:02", 
            "object_repr": "1,1,2,3,2010,8,4,13,51,55,209,session completed,ssc", 
            "object_id": "50", 
            "change_message": "", 
            "user": 1, 
            "content_type": 20
        }
    }, 
    {
        "pk": 109, 
        "model": "admin.logentry", 
        "fields": {
            "action_flag": 3, 
            "action_time": "2010-08-04 13:55:12", 
            "object_repr": "1,1,2,1,2010-08-04 13:47:09.232000,NEGRO,2,bog", 
            "object_id": "25", 
            "change_message": "", 
            "user": 1, 
            "content_type": 20
        }
    }, 
    {
        "pk": 108, 
        "model": "admin.logentry", 
        "fields": {
            "action_flag": 2, 
            "action_time": "2010-08-04 13:40:38", 
            "object_repr": "Playing Board Games", 
            "object_id": "4", 
            "change_message": "Changed url.", 
            "user": 1, 
            "content_type": 13
        }
    }, 
    {
        "pk": 107, 
        "model": "admin.logentry", 
        "fields": {
            "action_flag": 2, 
            "action_time": "2010-08-04 12:05:05", 
            "object_repr": "Playing Board Games", 
            "object_id": "4", 
            "change_message": "Changed description and instructions.", 
            "user": 1, 
            "content_type": 13
        }
    }, 
    {
        "pk": 106, 
        "model": "admin.logentry", 
        "fields": {
            "action_flag": 2, 
            "action_time": "2010-08-04 11:49:21", 
            "object_repr": "Playing Board Games", 
            "object_id": "4", 
            "change_message": "Changed name.", 
            "user": 1, 
            "content_type": 13
        }
    }, 
    {
        "pk": 105, 
        "model": "admin.logentry", 
        "fields": {
            "action_flag": 2, 
            "action_time": "2010-08-04 11:49:09", 
            "object_repr": "Mental Fitness Training", 
            "object_id": "3", 
            "change_message": "Changed name, description and instructions.", 
            "user": 1, 
            "content_type": 13
        }
    }, 
    {
        "pk": 104, 
        "model": "admin.logentry", 
        "fields": {
            "action_flag": 2, 
            "action_time": "2010-08-04 11:49:00", 
            "object_repr": "Board Games", 
            "object_id": "4", 
            "change_message": "Changed name and deadline.", 
            "user": 1, 
            "content_type": 13
        }
    }, 
    {
        "pk": 103, 
        "model": "admin.logentry", 
        "fields": {
            "action_flag": 2, 
            "action_time": "2010-08-04 11:47:19", 
            "object_repr": "Board Games and Mental Fitness", 
            "object_id": "1", 
            "change_message": "Changed description, start_date, consent, instructions, eligibility and reward.", 
            "user": 1, 
            "content_type": 9
        }
    }, 
    {
        "pk": 102, 
        "model": "admin.logentry", 
        "fields": {
            "action_flag": 2, 
            "action_time": "2010-08-04 11:09:53", 
            "object_repr": "Mental Fitness Training", 
            "object_id": "4", 
            "change_message": "Changed url.", 
            "user": 1, 
            "content_type": 13
        }
    }, 
    {
        "pk": 101, 
        "model": "admin.logentry", 
        "fields": {
            "action_flag": 3, 
            "action_time": "2010-08-03 17:46:39", 
            "object_repr": "1,1,1,1,2010-08-03 17:41:10.519319,session completed,ssc", 
            "object_id": "1", 
            "change_message": "", 
            "user": 1, 
            "content_type": 20
        }
    }, 
    {
        "pk": 100, 
        "model": "admin.logentry", 
        "fields": {
            "action_flag": 3, 
            "action_time": "2010-08-03 17:46:39", 
            "object_repr": "2,1,1,1,2010-08-03 17:45:47.501799,Consent given,CON", 
            "object_id": "2", 
            "change_message": "", 
            "user": 1, 
            "content_type": 20
        }
    }, 
    {
        "pk": 99, 
        "model": "admin.logentry", 
        "fields": {
            "action_flag": 3, 
            "action_time": "2010-08-03 17:46:39", 
            "object_repr": "2,1,1,1,2010-08-03 17:45:47.562863,session completed,ssc", 
            "object_id": "3", 
            "change_message": "", 
            "user": 1, 
            "content_type": 20
        }
    }, 
    {
        "pk": 98, 
        "model": "admin.logentry", 
        "fields": {
            "action_flag": 2, 
            "action_time": "2010-08-03 17:45:29", 
            "object_repr": "Informed Consent", 
            "object_id": "1", 
            "change_message": "Changed sessions.", 
            "user": 1, 
            "content_type": 13
        }
    }, 
    {
        "pk": 97, 
        "model": "admin.logentry", 
        "fields": {
            "action_flag": 2, 
            "action_time": "2010-08-03 17:44:47", 
            "object_repr": "party - Playing Board Games (2)", 
            "object_id": "2", 
            "change_message": "Changed status.", 
            "user": 1, 
            "content_type": 15
        }
    }, 
    {
        "pk": 96, 
        "model": "admin.logentry", 
        "fields": {
            "action_flag": 2, 
            "action_time": "2010-08-03 17:44:37", 
            "object_repr": "party - Informed Consent (1)", 
            "object_id": "1", 
            "change_message": "Changed status, end_date and sessions_completed.", 
            "user": 1, 
            "content_type": 15
        }
    }, 
    {
        "pk": 95, 
        "model": "admin.logentry", 
        "fields": {
            "action_flag": 2, 
            "action_time": "2010-08-03 17:35:23", 
            "object_repr": "Informed Consent", 
            "object_id": "1", 
            "change_message": "Changed url.", 
            "user": 1, 
            "content_type": 13
        }
    }, 
    {
        "pk": 94, 
        "model": "admin.logentry", 
        "fields": {
            "action_flag": 2, 
            "action_time": "2010-08-03 17:34:51", 
            "object_repr": "velian - Mental Fitness Training (2)", 
            "object_id": "5", 
            "change_message": "Changed status.", 
            "user": 1, 
            "content_type": 15
        }
    }, 
    {
        "pk": 93, 
        "model": "admin.logentry", 
        "fields": {
            "action_flag": 2, 
            "action_time": "2010-08-03 17:34:03", 
            "object_repr": "velian - Informed Consent (1)", 
            "object_id": "4", 
            "change_message": "Changed status, end_date and sessions_completed.", 
            "user": 1, 
            "content_type": 15
        }
    }, 
    {
        "pk": 92, 
        "model": "admin.logentry", 
        "fields": {
            "action_flag": 3, 
            "action_time": "2010-08-03 17:33:30", 
            "object_repr": "1,1,1,1,2010-07-23 12:24:56.933215,Consent given,", 
            "object_id": "1", 
            "change_message": "", 
            "user": 1, 
            "content_type": 20
        }
    }, 
    {
        "pk": 91, 
        "model": "admin.logentry", 
        "fields": {
            "action_flag": 3, 
            "action_time": "2010-08-03 17:33:30", 
            "object_repr": "1,1,2,1,2010-07-23 12:27:15.434467,Consent given,", 
            "object_id": "2", 
            "change_message": "", 
            "user": 1, 
            "content_type": 20
        }
    }, 
    {
        "pk": 90, 
        "model": "admin.logentry", 
        "fields": {
            "action_flag": 3, 
            "action_time": "2010-08-03 17:33:29", 
            "object_repr": "1,1,2,2,2010-07-23 16:45:22.981270,Consent given,", 
            "object_id": "3", 
            "change_message": "", 
            "user": 1, 
            "content_type": 20
        }
    }, 
    {
        "pk": 89, 
        "model": "admin.logentry", 
        "fields": {
            "action_flag": 3, 
            "action_time": "2010-08-03 17:33:29", 
            "object_repr": "1,1,2,3,2010-07-23 16:45:59.013313,Consent given,", 
            "object_id": "4", 
            "change_message": "", 
            "user": 1, 
            "content_type": 20
        }
    }, 
    {
        "pk": 88, 
        "model": "admin.logentry", 
        "fields": {
            "action_flag": 3, 
            "action_time": "2010-08-03 17:33:29", 
            "object_repr": "1,1,2,4,2010-07-23 16:46:12.583045,Consent given,", 
            "object_id": "5", 
            "change_message": "", 
            "user": 1, 
            "content_type": 20
        }
    }, 
    {
        "pk": 87, 
        "model": "admin.logentry", 
        "fields": {
            "action_flag": 3, 
            "action_time": "2010-08-03 17:33:29", 
            "object_repr": "1,1,2,1,2010-08-03 17:16:13.389000,HALO,1,bog", 
            "object_id": "6", 
            "change_message": "", 
            "user": 1, 
            "content_type": 20
        }
    }, 
    {
        "pk": 86, 
        "model": "admin.logentry", 
        "fields": {
            "action_flag": 3, 
            "action_time": "2010-08-03 17:33:29", 
            "object_repr": "1,1,2,1,2010-08-03 17:16:18.011000,HALO,0,bog", 
            "object_id": "7", 
            "change_message": "", 
            "user": 1, 
            "content_type": 20
        }
    }, 
    {
        "pk": 85, 
        "model": "admin.logentry", 
        "fields": {
            "action_flag": 3, 
            "action_time": "2010-08-03 17:33:29", 
            "object_repr": "1,1,2,1,2010-08-03 17:16:32.407000,JOHU,0,bog", 
            "object_id": "8", 
            "change_message": "", 
            "user": 1, 
            "content_type": 20
        }
    }, 
    {
        "pk": 84, 
        "model": "admin.logentry", 
        "fields": {
            "action_flag": 3, 
            "action_time": "2010-08-03 17:33:29", 
            "object_repr": "1,1,2,1,2010-08-03 17:16:41.265000,SLO,0,bog", 
            "object_id": "9", 
            "change_message": "", 
            "user": 1, 
            "content_type": 20
        }
    }, 
    {
        "pk": 83, 
        "model": "admin.logentry", 
        "fields": {
            "action_flag": 3, 
            "action_time": "2010-08-03 17:33:29", 
            "object_repr": "1,1,2,1,2010-08-03 17:16:45.284000,SLOW,1,bog", 
            "object_id": "10", 
            "change_message": "", 
            "user": 1, 
            "content_type": 20
        }
    }, 
    {
        "pk": 82, 
        "model": "admin.logentry", 
        "fields": {
            "action_flag": 3, 
            "action_time": "2010-08-03 17:33:29", 
            "object_repr": "1,1,2,1,2010-08-03 17:16:48.399000,SON,1,bog", 
            "object_id": "11", 
            "change_message": "", 
            "user": 1, 
            "content_type": 20
        }
    }, 
    {
        "pk": 81, 
        "model": "admin.logentry", 
        "fields": {
            "action_flag": 3, 
            "action_time": "2010-08-03 17:33:29", 
            "object_repr": "1,1,2,1,2010-08-03 17:16:54.221000,WUS,0,bog", 
            "object_id": "12", 
            "change_message": "", 
            "user": 1, 
            "content_type": 20
        }
    }, 
    {
        "pk": 80, 
        "model": "admin.logentry", 
        "fields": {
            "action_flag": 3, 
            "action_time": "2010-08-03 17:33:29", 
            "object_repr": "1,1,2,1,2010-08-03 17:16:58.615000,WON,1,bog", 
            "object_id": "13", 
            "change_message": "", 
            "user": 1, 
            "content_type": 20
        }
    }, 
    {
        "pk": 79, 
        "model": "admin.logentry", 
        "fields": {
            "action_flag": 3, 
            "action_time": "2010-08-03 17:33:29", 
            "object_repr": "1,1,2,1,2010-08-03 17:16:59.638000,NOW,1,bog", 
            "object_id": "14", 
            "change_message": "", 
            "user": 1, 
            "content_type": 20
        }
    }, 
    {
        "pk": 78, 
        "model": "admin.logentry", 
        "fields": {
            "action_flag": 3, 
            "action_time": "2010-08-03 17:33:29", 
            "object_repr": "1,1,2,1,2010-08-03 17:17:01.026000,NOW,0,bog", 
            "object_id": "15", 
            "change_message": "", 
            "user": 1, 
            "content_type": 20
        }
    }, 
    {
        "pk": 77, 
        "model": "admin.logentry", 
        "fields": {
            "action_flag": 3, 
            "action_time": "2010-08-03 17:33:29", 
            "object_repr": "1,1,2,1,2010-08-03 17:17:02.015000,WON,0,bog", 
            "object_id": "16", 
            "change_message": "", 
            "user": 1, 
            "content_type": 20
        }
    }, 
    {
        "pk": 76, 
        "model": "admin.logentry", 
        "fields": {
            "action_flag": 2, 
            "action_time": "2010-08-03 17:09:06", 
            "object_repr": "Mental Fitness Training", 
            "object_id": "4", 
            "change_message": "Changed url.", 
            "user": 1, 
            "content_type": 13
        }
    }, 
    {
        "pk": 75, 
        "model": "admin.logentry", 
        "fields": {
            "action_flag": 2, 
            "action_time": "2010-08-03 17:08:34", 
            "object_repr": "velian - Mental Fitness Training (2)", 
            "object_id": "5", 
            "change_message": "Changed status, start_date and last_session_completed.", 
            "user": 1, 
            "content_type": 15
        }
    }, 
    {
        "pk": 74, 
        "model": "admin.logentry", 
        "fields": {
            "action_flag": 2, 
            "action_time": "2010-08-03 17:08:20", 
            "object_repr": "velian - Informed Consent (1)", 
            "object_id": "4", 
            "change_message": "Changed status, end_date and sessions_completed.", 
            "user": 1, 
            "content_type": 15
        }
    }, 
    {
        "pk": 73, 
        "model": "admin.logentry", 
        "fields": {
            "action_flag": 2, 
            "action_time": "2010-08-03 17:07:15", 
            "object_repr": "Informed Consent", 
            "object_id": "1", 
            "change_message": "Changed url.", 
            "user": 1, 
            "content_type": 13
        }
    }, 
    {
        "pk": 72, 
        "model": "admin.logentry", 
        "fields": {
            "action_flag": 2, 
            "action_time": "2010-08-03 17:06:09", 
            "object_repr": "Informed Consent", 
            "object_id": "1", 
            "change_message": "Changed url.", 
            "user": 1, 
            "content_type": 13
        }
    }, 
    {
        "pk": 71, 
        "model": "admin.logentry", 
        "fields": {
            "action_flag": 2, 
            "action_time": "2010-08-03 17:05:29", 
            "object_repr": "Informed Consent", 
            "object_id": "1", 
            "change_message": "Changed url, description and instructions.", 
            "user": 1, 
            "content_type": 13
        }
    }, 
    {
        "pk": 70, 
        "model": "admin.logentry", 
        "fields": {
            "action_flag": 2, 
            "action_time": "2010-08-03 17:05:03", 
            "object_repr": "Mental Fitness Training", 
            "object_id": "4", 
            "change_message": "Changed url, description and instructions.", 
            "user": 1, 
            "content_type": 13
        }
    }, 
    {
        "pk": 69, 
        "model": "admin.logentry", 
        "fields": {
            "action_flag": 2, 
            "action_time": "2010-08-03 11:03:16", 
            "object_repr": "Mental Fitness Training", 
            "object_id": "4", 
            "change_message": "No fields changed.", 
            "user": 1, 
            "content_type": 13
        }
    }, 
    {
        "pk": 68, 
        "model": "admin.logentry", 
        "fields": {
            "action_flag": 2, 
            "action_time": "2010-08-03 10:56:07", 
            "object_repr": "Mental Fitness Training", 
            "object_id": "4", 
            "change_message": "Changed url.", 
            "user": 1, 
            "content_type": 13
        }
    }, 
    {
        "pk": 67, 
        "model": "admin.logentry", 
        "fields": {
            "action_flag": 2, 
            "action_time": "2010-08-03 10:55:44", 
            "object_repr": "Mental Fitness Training", 
            "object_id": "4", 
            "change_message": "Changed url.", 
            "user": 1, 
            "content_type": 13
        }
    }, 
    {
        "pk": 66, 
        "model": "admin.logentry", 
        "fields": {
            "action_flag": 2, 
            "action_time": "2010-08-03 10:46:57", 
            "object_repr": "Mental Fitness Training", 
            "object_id": "4", 
            "change_message": "Changed url.", 
            "user": 1, 
            "content_type": 13
        }
    }, 
    {
        "pk": 65, 
        "model": "admin.logentry", 
        "fields": {
            "action_flag": 2, 
            "action_time": "2010-08-03 09:47:19", 
            "object_repr": "Board Games and Mental Fitness", 
            "object_id": "1", 
            "change_message": "Changed description, consent, instructions, eligibility and reward.", 
            "user": 1, 
            "content_type": 9
        }
    }, 
    {
        "pk": 64, 
        "model": "admin.logentry", 
        "fields": {
            "action_flag": 2, 
            "action_time": "2010-07-23 16:46:10", 
            "object_repr": "Mental Fitness Training", 
            "object_id": "4", 
            "change_message": "Changed url.", 
            "user": 1, 
            "content_type": 13
        }
    }, 
    {
        "pk": 63, 
        "model": "admin.logentry", 
        "fields": {
            "action_flag": 2, 
            "action_time": "2010-07-23 16:45:56", 
            "object_repr": "Mental Fitness Training", 
            "object_id": "4", 
            "change_message": "Changed url, description and instructions.", 
            "user": 1, 
            "content_type": 13
        }
    }, 
    {
        "pk": 62, 
        "model": "admin.logentry", 
        "fields": {
            "action_flag": 3, 
            "action_time": "2010-07-23 12:18:17", 
            "object_repr": "Data object", 
            "object_id": "1", 
            "change_message": "", 
            "user": 1, 
            "content_type": 20
        }
    }, 
    {
        "pk": 61, 
        "model": "admin.logentry", 
        "fields": {
            "action_flag": 2, 
            "action_time": "2010-07-23 12:07:20", 
            "object_repr": "Informed Consent", 
            "object_id": "1", 
            "change_message": "Changed url.", 
            "user": 1, 
            "content_type": 13
        }
    }, 
    {
        "pk": 60, 
        "model": "admin.logentry", 
        "fields": {
            "action_flag": 2, 
            "action_time": "2010-07-23 11:56:07", 
            "object_repr": "Informed Consent", 
            "object_id": "1", 
            "change_message": "Changed url.", 
            "user": 1, 
            "content_type": 13
        }
    }, 
    {
        "pk": 59, 
        "model": "admin.logentry", 
        "fields": {
            "action_flag": 2, 
            "action_time": "2010-07-23 11:55:40", 
            "object_repr": "Informed Consent", 
            "object_id": "1", 
            "change_message": "Changed url, description and instructions.", 
            "user": 1, 
            "content_type": 13
        }
    }, 
    {
        "pk": 58, 
        "model": "admin.logentry", 
        "fields": {
            "action_flag": 2, 
            "action_time": "2010-07-23 11:52:46", 
            "object_repr": "party - Playing Board Games (2)", 
            "object_id": "2", 
            "change_message": "Changed status and last_session_completed.", 
            "user": 1, 
            "content_type": 15
        }
    }, 
    {
        "pk": 57, 
        "model": "admin.logentry", 
        "fields": {
            "action_flag": 2, 
            "action_time": "2010-07-23 11:52:36", 
            "object_repr": "party - Informed Consent (1)", 
            "object_id": "1", 
            "change_message": "Changed status, end_date, sessions_completed and last_session_completed.", 
            "user": 1, 
            "content_type": 15
        }
    }, 
    {
        "pk": 56, 
        "model": "admin.logentry", 
        "fields": {
            "action_flag": 3, 
            "action_time": "2010-07-21 16:11:46", 
            "object_repr": "velian - Playing Board Games (2)", 
            "object_id": "7", 
            "change_message": "", 
            "user": 1, 
            "content_type": 15
        }
    }, 
    {
        "pk": 55, 
        "model": "admin.logentry", 
        "fields": {
            "action_flag": 1, 
            "action_time": "2010-07-21 11:10:54", 
            "object_repr": "liam - Board Games and Mental Fitness (Investigator)", 
            "object_id": "2", 
            "change_message": "", 
            "user": 3, 
            "content_type": 11
        }
    }, 
    {
        "pk": 54, 
        "model": "admin.logentry", 
        "fields": {
            "action_flag": 2, 
            "action_time": "2010-07-21 10:45:16", 
            "object_repr": "velian - Informed Consent (1)", 
            "object_id": "4", 
            "change_message": "Changed status, end_date, sessions_completed and last_session_completed.", 
            "user": 1, 
            "content_type": 15
        }
    }, 
    {
        "pk": 53, 
        "model": "admin.logentry", 
        "fields": {
            "action_flag": 2, 
            "action_time": "2010-07-21 10:44:32", 
            "object_repr": "velian - Playing Board Games (2)", 
            "object_id": "7", 
            "change_message": "Changed status, start_date and last_session_completed.", 
            "user": 1, 
            "content_type": 15
        }
    }, 
    {
        "pk": 52, 
        "model": "admin.logentry", 
        "fields": {
            "action_flag": 2, 
            "action_time": "2010-07-21 10:44:12", 
            "object_repr": "velian - Board Games and Mental Fitness (Participant)", 
            "object_id": "2", 
            "change_message": "Changed group.", 
            "user": 1, 
            "content_type": 12
        }
    }, 
    {
        "pk": 51, 
        "model": "admin.logentry", 
        "fields": {
            "action_flag": 3, 
            "action_time": "2010-07-21 10:42:26", 
            "object_repr": "velian - Mental Fitness Training (2)", 
            "object_id": "5", 
            "change_message": "", 
            "user": 1, 
            "content_type": 15
        }
    }, 
    {
        "pk": 50, 
        "model": "admin.logentry", 
        "fields": {
            "action_flag": 2, 
            "action_time": "2010-07-19 15:40:15", 
            "object_repr": "DILONSWNRSIPBOTA", 
            "object_id": "2", 
            "change_message": "Changed mode.", 
            "user": 1, 
            "content_type": 17
        }
    }, 
    {
        "pk": 49, 
        "model": "admin.logentry", 
        "fields": {
            "action_flag": 2, 
            "action_time": "2010-07-19 14:52:20", 
            "object_repr": "Playing Board Games", 
            "object_id": "3", 
            "change_message": "Changed url, description and instructions.", 
            "user": 1, 
            "content_type": 13
        }
    }, 
    {
        "pk": 48, 
        "model": "admin.logentry", 
        "fields": {
            "action_flag": 2, 
            "action_time": "2010-07-19 11:18:43", 
            "object_repr": "party - Informed Consent (1)", 
            "object_id": "1", 
            "change_message": "No fields changed.", 
            "user": 1, 
            "content_type": 15
        }
    }, 
    {
        "pk": 47, 
        "model": "admin.logentry", 
        "fields": {
            "action_flag": 2, 
            "action_time": "2010-07-19 11:18:34", 
            "object_repr": "party - Playing Board Games (2)", 
            "object_id": "2", 
            "change_message": "Changed start_date and last_session_completed.", 
            "user": 1, 
            "content_type": 15
        }
    }, 
    {
        "pk": 46, 
        "model": "admin.logentry", 
        "fields": {
            "action_flag": 3, 
            "action_time": "2010-07-19 11:18:10", 
            "object_repr": "liam - Board Games and Mental Fitness (Participant)", 
            "object_id": "3", 
            "change_message": "", 
            "user": 1, 
            "content_type": 12
        }
    }, 
    {
        "pk": 45, 
        "model": "admin.logentry", 
        "fields": {
            "action_flag": 3, 
            "action_time": "2010-07-19 11:17:55", 
            "object_repr": "liam - Informed Consent (1)", 
            "object_id": "7", 
            "change_message": "", 
            "user": 1, 
            "content_type": 15
        }
    }, 
    {
        "pk": 44, 
        "model": "admin.logentry", 
        "fields": {
            "action_flag": 3, 
            "action_time": "2010-07-19 11:17:55", 
            "object_repr": "liam - Mental Fitness Training (2)", 
            "object_id": "8", 
            "change_message": "", 
            "user": 1, 
            "content_type": 15
        }
    }, 
    {
        "pk": 43, 
        "model": "admin.logentry", 
        "fields": {
            "action_flag": 3, 
            "action_time": "2010-07-19 11:17:55", 
            "object_repr": "liam - Debriefing (3)", 
            "object_id": "9", 
            "change_message": "", 
            "user": 1, 
            "content_type": 15
        }
    }, 
    {
        "pk": 42, 
        "model": "admin.logentry", 
        "fields": {
            "action_flag": 2, 
            "action_time": "2010-07-14 14:39:33", 
            "object_repr": "party - Playing Board Games (2)", 
            "object_id": "2", 
            "change_message": "Changed start_date and last_session_completed.", 
            "user": 1, 
            "content_type": 15
        }
    }, 
    {
        "pk": 41, 
        "model": "admin.logentry", 
        "fields": {
            "action_flag": 3, 
            "action_time": "2010-07-14 10:21:25", 
            "object_repr": "liam - Board Games and Mental Fitness (Investigator)", 
            "object_id": "2", 
            "change_message": "", 
            "user": 1, 
            "content_type": 11
        }
    }, 
    {
        "pk": 40, 
        "model": "admin.logentry", 
        "fields": {
            "action_flag": 2, 
            "action_time": "2010-07-14 10:20:07", 
            "object_repr": "liam - Mental Fitness Training (2)", 
            "object_id": "8", 
            "change_message": "Changed status, start_date and last_session_completed.", 
            "user": 1, 
            "content_type": 15
        }
    }, 
    {
        "pk": 39, 
        "model": "admin.logentry", 
        "fields": {
            "action_flag": 2, 
            "action_time": "2010-07-14 10:19:58", 
            "object_repr": "liam - Informed Consent (1)", 
            "object_id": "7", 
            "change_message": "Changed status, end_date, sessions_completed and last_session_completed.", 
            "user": 1, 
            "content_type": 15
        }
    }, 
    {
        "pk": 38, 
        "model": "admin.logentry", 
        "fields": {
            "action_flag": 1, 
            "action_time": "2010-07-14 10:19:31", 
            "object_repr": "liam - Board Games and Mental Fitness (Participant)", 
            "object_id": "3", 
            "change_message": "", 
            "user": 1, 
            "content_type": 12
        }
    }, 
    {
        "pk": 37, 
        "model": "admin.logentry", 
        "fields": {
            "action_flag": 1, 
            "action_time": "2010-07-14 10:19:20", 
            "object_repr": "velian - Board Games and Mental Fitness (Participant)", 
            "object_id": "2", 
            "change_message": "", 
            "user": 1, 
            "content_type": 12
        }
    }, 
    {
        "pk": 36, 
        "model": "admin.logentry", 
        "fields": {
            "action_flag": 3, 
            "action_time": "2010-07-14 10:19:04", 
            "object_repr": "velian - Board Games and Mental Fitness (Participant)", 
            "object_id": "2", 
            "change_message": "", 
            "user": 1, 
            "content_type": 12
        }
    }, 
    {
        "pk": 35, 
        "model": "admin.logentry", 
        "fields": {
            "action_flag": 1, 
            "action_time": "2010-07-14 10:18:54", 
            "object_repr": "liam - Board Games and Mental Fitness (Investigator)", 
            "object_id": "2", 
            "change_message": "", 
            "user": 1, 
            "content_type": 11
        }
    }, 
    {
        "pk": 34, 
        "model": "admin.logentry", 
        "fields": {
            "action_flag": 2, 
            "action_time": "2010-07-14 10:18:39", 
            "object_repr": "liam", 
            "object_id": "3", 
            "change_message": "Changed is_staff and is_superuser.", 
            "user": 1, 
            "content_type": 4
        }
    }, 
    {
        "pk": 33, 
        "model": "admin.logentry", 
        "fields": {
            "action_flag": 1, 
            "action_time": "2010-07-14 10:18:30", 
            "object_repr": "liam", 
            "object_id": "3", 
            "change_message": "", 
            "user": 1, 
            "content_type": 4
        }
    }, 
    {
        "pk": 32, 
        "model": "admin.logentry", 
        "fields": {
            "action_flag": 1, 
            "action_time": "2010-07-14 10:17:19", 
            "object_repr": "velian - Board Games and Mental Fitness (Participant)", 
            "object_id": "2", 
            "change_message": "", 
            "user": 1, 
            "content_type": 12
        }
    }, 
    {
        "pk": 31, 
        "model": "admin.logentry", 
        "fields": {
            "action_flag": 2, 
            "action_time": "2010-07-14 10:16:59", 
            "object_repr": "UserStage object", 
            "object_id": "2", 
            "change_message": "Changed last_session_completed.", 
            "user": 1, 
            "content_type": 15
        }
    }, 
    {
        "pk": 30, 
        "model": "admin.logentry", 
        "fields": {
            "action_flag": 2, 
            "action_time": "2010-07-14 10:16:49", 
            "object_repr": "UserStage object", 
            "object_id": "1", 
            "change_message": "Changed last_session_completed.", 
            "user": 1, 
            "content_type": 15
        }
    }, 
    {
        "pk": 29, 
        "model": "admin.logentry", 
        "fields": {
            "action_flag": 2, 
            "action_time": "2010-07-14 10:09:55", 
            "object_repr": "UserStage object", 
            "object_id": "1", 
            "change_message": "Changed status, end_date and sessions_completed.", 
            "user": 1, 
            "content_type": 15
        }
    }, 
    {
        "pk": 28, 
        "model": "admin.logentry", 
        "fields": {
            "action_flag": 2, 
            "action_time": "2010-07-14 10:09:44", 
            "object_repr": "UserStage object", 
            "object_id": "2", 
            "change_message": "Changed status and start_date.", 
            "user": 1, 
            "content_type": 15
        }
    }, 
    {
        "pk": 27, 
        "model": "admin.logentry", 
        "fields": {
            "action_flag": 2, 
            "action_time": "2010-07-14 09:53:05", 
            "object_repr": "party - Board Games and Mental Fitness (Participant)", 
            "object_id": "1", 
            "change_message": "No fields changed.", 
            "user": 1, 
            "content_type": 12
        }
    }, 
    {
        "pk": 26, 
        "model": "admin.logentry", 
        "fields": {
            "action_flag": 3, 
            "action_time": "2010-07-14 09:52:59", 
            "object_repr": "UserStage object", 
            "object_id": "1", 
            "change_message": "", 
            "user": 1, 
            "content_type": 15
        }
    }, 
    {
        "pk": 25, 
        "model": "admin.logentry", 
        "fields": {
            "action_flag": 3, 
            "action_time": "2010-07-14 09:52:59", 
            "object_repr": "UserStage object", 
            "object_id": "2", 
            "change_message": "", 
            "user": 1, 
            "content_type": 15
        }
    }, 
    {
        "pk": 24, 
        "model": "admin.logentry", 
        "fields": {
            "action_flag": 3, 
            "action_time": "2010-07-14 09:52:59", 
            "object_repr": "UserStage object", 
            "object_id": "3", 
            "change_message": "", 
            "user": 1, 
            "content_type": 15
        }
    }, 
    {
        "pk": 23, 
        "model": "admin.logentry", 
        "fields": {
            "action_flag": 2, 
            "action_time": "2010-07-14 09:47:28", 
            "object_repr": "UserStage object", 
            "object_id": "2", 
            "change_message": "Changed status and start_date.", 
            "user": 1, 
            "content_type": 15
        }
    }, 
    {
        "pk": 22, 
        "model": "admin.logentry", 
        "fields": {
            "action_flag": 2, 
            "action_time": "2010-07-14 09:47:19", 
            "object_repr": "UserStage object", 
            "object_id": "1", 
            "change_message": "Changed status, end_date and sessions_completed.", 
            "user": 1, 
            "content_type": 15
        }
    }, 
    {
        "pk": 21, 
        "model": "admin.logentry", 
        "fields": {
            "action_flag": 2, 
            "action_time": "2010-07-14 09:45:12", 
            "object_repr": "party - Board Games and Mental Fitness (Participant)", 
            "object_id": "1", 
            "change_message": "No fields changed.", 
            "user": 1, 
            "content_type": 12
        }
    }, 
    {
        "pk": 20, 
        "model": "admin.logentry", 
        "fields": {
            "action_flag": 3, 
            "action_time": "2010-07-14 09:45:05", 
            "object_repr": "UserStage object", 
            "object_id": "1", 
            "change_message": "", 
            "user": 1, 
            "content_type": 15
        }
    }, 
    {
        "pk": 19, 
        "model": "admin.logentry", 
        "fields": {
            "action_flag": 3, 
            "action_time": "2010-07-14 09:45:05", 
            "object_repr": "UserStage object", 
            "object_id": "2", 
            "change_message": "", 
            "user": 1, 
            "content_type": 15
        }
    }, 
    {
        "pk": 18, 
        "model": "admin.logentry", 
        "fields": {
            "action_flag": 3, 
            "action_time": "2010-07-14 09:45:05", 
            "object_repr": "UserStage object", 
            "object_id": "3", 
            "change_message": "", 
            "user": 1, 
            "content_type": 15
        }
    }, 
    {
        "pk": 17, 
        "model": "admin.logentry", 
        "fields": {
            "action_flag": 2, 
            "action_time": "2010-07-14 09:43:41", 
            "object_repr": "party - Board Games and Mental Fitness (Participant)", 
            "object_id": "1", 
            "change_message": "No fields changed.", 
            "user": 1, 
            "content_type": 12
        }
    }, 
    {
        "pk": 16, 
        "model": "admin.logentry", 
        "fields": {
            "action_flag": 2, 
            "action_time": "2010-07-13 17:12:57", 
            "object_repr": "party - Board Games and Mental Fitness (Participant)", 
            "object_id": "1", 
            "change_message": "No fields changed.", 
            "user": 1, 
            "content_type": 12
        }
    }, 
    {
        "pk": 15, 
        "model": "admin.logentry", 
        "fields": {
            "action_flag": 1, 
            "action_time": "2010-07-13 17:09:20", 
            "object_repr": "party - Board Games and Mental Fitness (Participant)", 
            "object_id": "1", 
            "change_message": "", 
            "user": 1, 
            "content_type": 12
        }
    }, 
    {
        "pk": 14, 
        "model": "admin.logentry", 
        "fields": {
            "action_flag": 2, 
            "action_time": "2010-07-13 17:07:51", 
            "object_repr": "party", 
            "object_id": "2", 
            "change_message": "No fields changed.", 
            "user": 1, 
            "content_type": 4
        }
    }, 
    {
        "pk": 13, 
        "model": "admin.logentry", 
        "fields": {
            "action_flag": 1, 
            "action_time": "2010-07-13 17:07:39", 
            "object_repr": "party", 
            "object_id": "2", 
            "change_message": "", 
            "user": 1, 
            "content_type": 4
        }
    }, 
    {
        "pk": 12, 
        "model": "admin.logentry", 
        "fields": {
            "action_flag": 1, 
            "action_time": "2010-07-13 17:07:15", 
            "object_repr": "Debriefing - Board Games and Mental Fitness - Mental Fitness (3)", 
            "object_id": "6", 
            "change_message": "", 
            "user": 1, 
            "content_type": 14
        }
    }, 
    {
        "pk": 11, 
        "model": "admin.logentry", 
        "fields": {
            "action_flag": 1, 
            "action_time": "2010-07-13 17:07:11", 
            "object_repr": "Mental Fitness Training - Board Games and Mental Fitness - Mental Fitness (2)", 
            "object_id": "5", 
            "change_message": "", 
            "user": 1, 
            "content_type": 14
        }
    }, 
    {
        "pk": 10, 
        "model": "admin.logentry", 
        "fields": {
            "action_flag": 1, 
            "action_time": "2010-07-13 17:07:06", 
            "object_repr": "Informed Consent - Board Games and Mental Fitness - Mental Fitness (1)", 
            "object_id": "4", 
            "change_message": "", 
            "user": 1, 
            "content_type": 14
        }
    }, 
    {
        "pk": 9, 
        "model": "admin.logentry", 
        "fields": {
            "action_flag": 1, 
            "action_time": "2010-07-13 17:07:01", 
            "object_repr": "Debriefing - Board Games and Mental Fitness - Board Games (3)", 
            "object_id": "3", 
            "change_message": "", 
            "user": 1, 
            "content_type": 14
        }
    }, 
    {
        "pk": 8, 
        "model": "admin.logentry", 
        "fields": {
            "action_flag": 1, 
            "action_time": "2010-07-13 17:06:56", 
            "object_repr": "Playing Board Games - Board Games and Mental Fitness - Board Games (2)", 
            "object_id": "2", 
            "change_message": "", 
            "user": 1, 
            "content_type": 14
        }
    }, 
    {
        "pk": 7, 
        "model": "admin.logentry", 
        "fields": {
            "action_flag": 1, 
            "action_time": "2010-07-13 17:06:49", 
            "object_repr": "Informed Consent - Board Games and Mental Fitness - Board Games (1)", 
            "object_id": "1", 
            "change_message": "", 
            "user": 1, 
            "content_type": 14
        }
    }, 
    {
        "pk": 6, 
        "model": "admin.logentry", 
        "fields": {
            "action_flag": 1, 
            "action_time": "2010-07-13 17:06:39", 
            "object_repr": "Mental Fitness Training", 
            "object_id": "4", 
            "change_message": "", 
            "user": 1, 
            "content_type": 13
        }
    }, 
    {
        "pk": 5, 
        "model": "admin.logentry", 
        "fields": {
            "action_flag": 1, 
            "action_time": "2010-07-13 17:06:13", 
            "object_repr": "Playing Board Games", 
            "object_id": "3", 
            "change_message": "", 
            "user": 1, 
            "content_type": 13
        }
    }, 
    {
        "pk": 4, 
        "model": "admin.logentry", 
        "fields": {
            "action_flag": 1, 
            "action_time": "2010-07-13 17:05:51", 
            "object_repr": "Debriefing", 
            "object_id": "2", 
            "change_message": "", 
            "user": 1, 
            "content_type": 13
        }
    }, 
    {
        "pk": 3, 
        "model": "admin.logentry", 
        "fields": {
            "action_flag": 1, 
            "action_time": "2010-07-13 17:05:36", 
            "object_repr": "Informed Consent", 
            "object_id": "1", 
            "change_message": "", 
            "user": 1, 
            "content_type": 13
        }
    }, 
    {
        "pk": 2, 
        "model": "admin.logentry", 
        "fields": {
            "action_flag": 1, 
            "action_time": "2010-07-13 17:05:10", 
            "object_repr": "Board Games and Mental Fitness - Mental Fitness", 
            "object_id": "2", 
            "change_message": "", 
            "user": 1, 
            "content_type": 10
        }
    }, 
    {
        "pk": 1, 
        "model": "admin.logentry", 
        "fields": {
            "action_flag": 1, 
            "action_time": "2010-07-13 17:04:58", 
            "object_repr": "Board Games and Mental Fitness - Board Games", 
            "object_id": "1", 
            "change_message": "", 
            "user": 1, 
            "content_type": 10
        }
    }, 
    {
        "pk": 1, 
        "model": "auth.user", 
        "fields": {
            "username": "velian", 
            "first_name": "", 
            "last_name": "", 
            "is_active": true, 
            "is_superuser": true, 
            "is_staff": true, 
            "last_login": "2010-08-04 15:51:17", 
            "groups": [], 
            "user_permissions": [], 
            "password": "sha1$7367d$c7daa8a8342ad907b031841d80388fd0026cefdb", 
            "email": "vpandeliev@gmail.com", 
            "date_joined": "2010-07-13 17:03:24"
        }
    }, 
    {
        "pk": 3, 
        "model": "auth.user", 
        "fields": {
            "username": "liam", 
            "first_name": "", 
            "last_name": "", 
            "is_active": true, 
            "is_superuser": true, 
            "is_staff": true, 
            "last_login": "2010-07-21 11:10:38", 
            "groups": [], 
            "user_permissions": [], 
            "password": "sha1$1ff7c$ce51b62289a597bc4e9f9eb12d2b579ab993b8cc", 
            "email": "", 
            "date_joined": "2010-07-14 10:18:30"
        }
    }, 
    {
        "pk": 4, 
        "model": "auth.user", 
        "fields": {
            "username": "john", 
            "first_name": "John", 
            "last_name": "Smith", 
            "is_active": true, 
            "is_superuser": false, 
            "is_staff": false, 
            "last_login": "2010-08-04 15:10:08", 
            "groups": [], 
            "user_permissions": [], 
            "password": "sha1$d1bbb$1b267fa4dd6c0fda8f916800f19051f00ae7dc41", 
            "email": "j.smith@gmail.com", 
            "date_joined": "2010-08-04 14:07:30"
        }
    }, 
    {
        "pk": 5, 
        "model": "auth.user", 
        "fields": {
            "username": "mary", 
            "first_name": "Mary Elizabeth", 
            "last_name": "Winstead", 
            "is_active": true, 
            "is_superuser": false, 
            "is_staff": false, 
            "last_login": "2010-08-04 14:13:01", 
            "groups": [], 
            "user_permissions": [], 
            "password": "sha1$07583$be87ac729bb74f4f857550004e62c6d6fe20bcf3", 
            "email": "i.wish.i.knew@gmail.com", 
            "date_joined": "2010-08-04 14:08:03"
        }
    }
]
